RNE;ECOLE;Adresse;Code postal;commune;Telephone;Mail;circonscription
0940176F;Ecole élémentaire Robert Doisneau;Allée du Puits;94260;Fresnes;0172045505;ce.0940176F@ac-creteil.fr;Circonscription  de Fresnes
0940198E;Ecole élémentaire Henri Wallon A;99 rue Louise Aglaé Cretté;94400;Vitry-sur-Seine;0611565947;ce.0940198E@ac-creteil.fr;Circonscription  de Vitry-sur-Seine 1
0940204L;Ecole élémentaire Jules Ferry;218 rue Jean Jaurès;94700;Maisons-Alfort;0143535120;ce.0940204L@ac-creteil.fr;Circonscription  de Maisons-Alfort
0940209S;Ecole élémentaire Jardin Parisien A;26 rue Jules Ferry;94240;L'Haÿ-les-Roses;0146862617;ce.0940209S@ac-creteil.fr;Circonscription  de Cachan
0940213W;Ecole élémentaire Sud;8 rue Docteur Lebel;94300;Vincennes;0143281842;ce.0940213W@ac-creteil.fr;Circonscription  de Vincennes
0940235V;Ecole élémentaire Romain Rolland A;2 rue Paul Bert;94500;Champigny-sur-Marne;0153881122;ce.0940235V@ac-creteil.fr;Circonscription  de Champigny-sur-Marne 2
0940238Y;Ecole élémentaire Parmentier A;8 rue Paul Vaillant-Couturier;94700;Maisons-Alfort;0145184430;ce.0940238Y@ac-creteil.fr;Circonscription  de Maisons-Alfort
0940249K;Ecole élémentaire Joliot-Curie A;1 rue Truillot;94200;Ivry-sur-Seine;0172046679;ce.0940249K@ac-creteil.fr;Circonscription  d'Ivry-sur-Seine
0940260X;Ecole élémentaire Victor Hugo;28 rue Jules Guesde;94140;Alfortville;0178682292;ce.0940260X@ac-creteil.fr;Circonscription  d'Alfortville
0940262Z;Ecole élémentaire Bled;89 avenue Carnot;94100;Saint-Maur-des-Fossés;0142838820;ce.0940262Z@ac-creteil.fr;Circonscription  de Saint-Maur-des-Fossés
0940289D;Ecole élémentaire Jean Monet;75 avenue de la Paix;94260;Fresnes;0178682510;ce.0940289D@ac-creteil.fr;Circonscription  de Fresnes
0940307Y;Ecole élémentaire Charles Beuvin B;4 rue Henri Koch;94000;Créteil;0156718982;ce.0940307Y@ac-creteil.fr;Circonscription  de Créteil 2
0940309A;Ecole élémentaire Centre;15 rue des Jardins;94240;L'Haÿ-les-Roses;0146648813;ce.0940309A@ac-creteil.fr;Circonscription  de Cachan
0940336E;Ecole élémentaire Marinville;37 avenue de Marinville;94100;Saint-Maur-des-Fossés;0142838818;ce.0940336E@ac-creteil.fr;Circonscription  de Saint-Maur-des-Fossés
0940388L;Ecole primaire Simone Veil;4 rue Georges Baudelaire;94310;Orly;0146861981;ce.0940388L@ac-creteil.fr;Circonscription d'inspection  du 1er degre d'Orly
0940389M;Ecole élémentaire Les Antes;1 rue Guillaume Colletet;94150;Rungis;0179616130;ce.0940389M@ac-creteil.fr;Circonscription  de Fresnes
0940400Z;Ecole maternelle Karl Marx;51 avenue Karl Marx;94800;Villejuif;0147262213;ce.0940400Z@ac-creteil.fr;Circonscription  de Villejuif
0940406F;Ecole maternelle Carnot;64 avenue Carnot;94230;Cachan;0149696083;ce.0940406F@ac-creteil.fr;Circonscription  de Cachan
0940407G;Ecole maternelle Cités Jardins Albert Thomas;46 rue Charles Fourier;94500;Champigny-sur-Marne;0141774063;ce.0940407G@ac-creteil.fr;Circonscription  de Champigny-sur-Marne 1
0940410K;Ecole maternelle Marcel Cachin;22 rue de Chevilly;94800;Villejuif;0146776262;ce.0940410K@ac-creteil.fr;Circonscription  de Villejuif
0940412M;Ecole maternelle Olympe de Gouges;54 avenue Vladimir Illitch Lénine;94110;Arcueil;0182012027;ce.0940412M@ac-creteil.fr;Circonscription  d'Arcueil
0940420W;Ecole maternelle Paul Bert;11 rue du Nivernais;94550;Chevilly-Larue;0146865385;ce.0940420W@ac-creteil.fr;Circonscription  de Vitry-sur-Seine 1
0940421X;Ecole maternelle Paul Bert Belle Image;11 rue Amédée Picard;94230;Cachan;0149699990;ce.0940421X@ac-creteil.fr;Circonscription  de Cachan
0940423Z;Ecole maternelle Diderot;20 avenue Diderot;94100;Saint-Maur-des-Fossés;0148836557;ce.0940423Z@ac-creteil.fr;Circonscription  de Saint-Maur-des-Fossés
0940442V;Ecole maternelle Louise Michel;21 rue de la Concorde;94400;Vitry-sur-Seine;0143903388;ce.0940442V@ac-creteil.fr;Circonscription  de Vitry-sur-Seine 1
0940446Z;Ecole maternelle Charles Beuvin;2 rue Henri Koch;94000;Créteil;0156718983;ce.0940446Z@ac-creteil.fr;Circonscription  de Créteil 2
0940452F;Ecole maternelle Jules Ferry;218 bis rue Jean Jaurès;94700;Maisons-Alfort;0143964630;ce.0940452F@ac-creteil.fr;Circonscription  de Maisons-Alfort
0940453G;Ecole maternelle Makarenko;2 rue Jean Perrin;94200;Ivry-sur-Seine;0149602606;ce.0940453G@ac-creteil.fr;Circonscription  d'Ivry-sur-Seine
0940458M;Ecole maternelle Polangis;12 avenue Joseph Jougla;94340;Joinville-le-Pont;0148893213;ce.0940458M@ac-creteil.fr;Circonscription  de Nogent-sur-Marne
0940462S;Ecole maternelle Elisa Lesourd;33 rue Jules Ferry;94120;Fontenay-sous-Bois;0171335774;ce.0940462S@ac-creteil.fr;Circonscription  de Fontenay-sous-Bois
0940463T;Ecole maternelle D Adamville;58 rue Jules Ferry;94100;Saint-Maur-des-Fossés;0148831689;ce.0940463T@ac-creteil.fr;Circonscription  de Saint-Maur-des-Fossés
0940471B;Ecole maternelle Paul Langevin;218 rue Marcel Hartmann;94200;Ivry-sur-Seine;0149602617;ce.0940471B@ac-creteil.fr;Circonscription  d'Ivry-sur-Seine
0940476G;Ecole maternelle Maurice Denis;39 rue Maurice Pirolley;94500;Champigny-sur-Marne;0141778094;ce.0940476G@ac-creteil.fr;Circonscription  de Champigny-sur-Marne 1
0940481M;Ecole maternelle Romain Rolland;2 rue des Ormeaux;94500;Champigny-sur-Marne;0153881121;ce.0940481M@ac-creteil.fr;Circonscription  de Champigny-sur-Marne 2
0940484R;Ecole primaire Simone Veil;56 rue de Paris;94340;Joinville-le-Pont;0149766016;ce.0940484R@ac-creteil.fr;Circonscription  de Nogent-sur-Marne
0940488V;Ecole maternelle Paul Langevin;16 rue Gérard Philipe;94400;Vitry-sur-Seine;0143911561;ce.0940488V@ac-creteil.fr;Circonscription  de Vitry-sur-Seine 1
0940491Y;Ecole maternelle Parmentier;57 avenue du Général de Gaulle;94700;Maisons-Alfort;0145184433;ce.0940491Y@ac-creteil.fr;Circonscription  de Maisons-Alfort
0940494B;Ecole maternelle Valmy;2 rue de Valmy;94220;Charenton-le-Pont;0146766602;ce.0940494B@ac-creteil.fr;Circonscription  d'Alfortville
0940513X;Ecole maternelle Saint Exupéry;86 avenue de Versailles;94320;Thiais;0148907698;ce.0940513X@ac-creteil.fr;Circonscription  de Fresnes
0940515Z;Ecole maternelle Le Coteau;36 rue des Vignes;94230;Cachan;0149696031;ce.0940515Z@ac-creteil.fr;Circonscription  de Cachan
0940535W;Ecole élémentaire Albert Camus;137 rue de Brie;94000;Créteil;0145170307;ce.0940535W@ac-creteil.fr;Circonscription  de Créteil 2
0940543E;Ecole maternelle Léon Frapie;1 rue des Genetrais;94500;Champigny-sur-Marne;0148814555;ce.0940543E@ac-creteil.fr;Circonscription  de Champigny-sur-Marne 1
0940556U;Ecole maternelle La Plaine;15 avenue François Rude;94230;Cachan;0149696054;ce.0940556U@ac-creteil.fr;Circonscription  de Cachan
0940558W;Ecole élémentaire Jacques Decour;37 rue du Docteur Roux;94500;Champigny-sur-Marne;0155971742;ce.0940558W@ac-creteil.fr;Circonscription  de Champigny-sur-Marne 1
0940574N;Ecole maternelle Henri Wallon;99 rue Louise Aglaé Cretté;94400;Vitry-sur-Seine;0143911721;ce.0940574N@ac-creteil.fr;Circonscription  de Vitry-sur-Seine 1
0940627W;Ecole élémentaire Paul Langevin;2 rue du 8 Mai 1945;94460;Valenton;0143890073;ce.0940627W@ac-creteil.fr;Circonscription  de Bonneuil-sur-Marne
0940644P;Ecole élémentaire Marc Seguin;111 avenue Anatole France;94190;Villeneuve-Saint-Georges;0143891222;ce.0940644P@ac-creteil.fr;Circonscription  de Villeneuve-Saint-Georges
0940682F;Ecole élémentaire Jules Ferry;2 rue d'Amboile;94490;Ormesson-sur-Marne;0145760085;ce.0940682F@ac-creteil.fr;Circonscription  de Bonneuil-sur-Marne
0940710L;Ecole élémentaire Edouard Herriot;10 avenue des luats;94350;Villiers-sur-Marne;0149301869;ce.0940710L@ac-creteil.fr;Circonscription  de Villiers-sur-Marne
0940715S;Ecole maternelle Pierre et Marie Curie;6 rue Pierre et Marie Curie;94480;Ablon-sur-Seine;0145971287;ce.0940715S@ac-creteil.fr;Circonscription d'inspection  du 1er degre d'Orly
0940735N;Ecole maternelle Berthelot;32 rue Curie;94190;Villeneuve-Saint-Georges;0143823583;ce.0940735N@ac-creteil.fr;Circonscription  de Villeneuve-Saint-Georges
0940767Y;Ecole élémentaire Jacques Solomon;25 rue Gagnée;94200;Ivry-sur-Seine;0149602620;ce.0940767Y@ac-creteil.fr;Circonscription  d'Ivry-sur-Seine
0940947U;Ecole maternelle Jean Lurçat;Villa des Polognes;94460;Valenton;0143890852;ce.0940947U@ac-creteil.fr;Circonscription  de Bonneuil-sur-Marne
0941056M;Ecole élémentaire Henri Wallon;29 rue Sacco et Vanzetti;94800;Villejuif;0146773880;ce.0941056M@ac-creteil.fr;Circonscription  de Villejuif
0941072E;Ecole maternelle Victor Hugo;105 avenue Rouget de l'Isle;94400;Vitry-sur-Seine;0143911741;ce.0941072E@ac-creteil.fr;Circonscription  de Vitry-sur-Seine 2
0941107T;Ecole maternelle le Hameau des Tilleuls;Rue du 8 Mai 1945;94320;Thiais;0148529179;ce.0941107T@ac-creteil.fr;Circonscription  de Fresnes
0941116C;Ecole élémentaire Charles Péguy;91 avenue du Général de Gaulle;94320;Thiais;0146862357;ce.0941116C@ac-creteil.fr;Circonscription  de Fresnes
0941122J;Ecole élémentaire Victor Duruy;7 rue de Joinville;94120;Fontenay-sous-Bois;0171335756;ce.0941122J@ac-creteil.fr;Circonscription  de Fontenay-sous-Bois
0941131U;Ecole élémentaire Langevin Wallon;18 rue Auguste Gross;94380;Bonneuil-sur-Marne;0149800380;ce.0941131U@ac-creteil.fr;Circonscription  de Bonneuil-sur-Marne
0941132V;Ecole élémentaire Bois Clary;25 rue Maison Blanche;94470;Boissy-Saint-Léger;0175488461;ce.0941132V@ac-creteil.fr;Circonscription  de Boissy-Saint-Léger
0941137A;Ecole maternelle Paul Langevin;5 rue Louise du Pierry;94450;Limeil-Brévannes;0156864460;ce.0941137A@ac-creteil.fr;Circonscription  de Boissy-Saint-Léger
0941247V;Ecole élémentaire Amédée Dunois;18 rue de Sucy;94470;Boissy-Saint-Léger;0145696833;ce.0941247V@ac-creteil.fr;Circonscription  de Boissy-Saint-Léger
0941250Y;Ecole élémentaire Anatole France B;10 square Jean Goujon;94500;Champigny-sur-Marne;0153881064;ce.0941250Y@ac-creteil.fr;Circonscription  de Champigny-sur-Marne 2
0941260J;Ecole élémentaire Lamartine;24 rue des Champs Elysées;94250;Gentilly;0147405811;ce.0941260J@ac-creteil.fr;Circonscription  d'Arcueil
0941266R;Ecole élémentaire les Planètes;9 rue de Marne;94700;Maisons-Alfort;0156721750;ce.0941266R@ac-creteil.fr;Circonscription  de Maisons-Alfort
0941320Z;Ecole élémentaire Jules Ferry;64 rue Roublot;94120;Fontenay-sous-Bois;0171335772;ce.0941320Z@ac-creteil.fr;Circonscription  de Fontenay-sous-Bois
0941322B;Ecole élémentaire Charles Péguy;20 avenue de la Liberté;94700;Maisons-Alfort;0145184192;ce.0941322B@ac-creteil.fr;Circonscription  de Maisons-Alfort
0941371E;Ecole maternelle les 40 Arpents;Voie aux Vaches;94440;Santeny;0143860456;ce.0941371E@ac-creteil.fr;Circonscription  de Marolles-en-Brie
0941372F;Ecole maternelle Jean Moulin;3 A rue Germain Defresne;94400;Vitry-sur-Seine;0146828091;ce.0941372F@ac-creteil.fr;Circonscription  de Vitry-sur-Seine 2
0941390A;Ecole élémentaire Victor Hugo;38 rue Henri Matisse;94400;Vitry-sur-Seine;0603998485;ce.0941390A@ac-creteil.fr;Circonscription  de Vitry-sur-Seine 2
0941401M;Ecole élémentaire Jean Jaurès;6 rue du Verrou;94500;Champigny-sur-Marne;0148814483;ce.0941401M@ac-creteil.fr;Circonscription  de Champigny-sur-Marne 1
0941451S;Ecole primaire Gaspard Monge;Boulevard Montaigut;94000;Créteil;0148981121;ce.0941451S@ac-creteil.fr;Circonscription  de Créteil 1
0941458Z;Ecole élémentaire Marcel Cachin;5 avenue Alsace Lorraine;94500;Champigny-sur-Marne;0155093068;ce.0941458Z@ac-creteil.fr;Circonscription  de Champigny-sur-Marne 1
0941488G;Ecole maternelle Jean de La Fontaine;31 boulevard de l'Europe;94340;Joinville-le-Pont;0148893211;ce.0941488G@ac-creteil.fr;Circonscription  de Nogent-sur-Marne
0941511G;Ecole maternelle Marcel Pagnol;15 rue Clément Ader;94430;Chennevières-sur-Marne;0145764449;ce.0941511G@ac-creteil.fr;Circonscription  de Champigny-sur-Marne 2
0941540N;Ecole maternelle Paul Eluard;70 rue Jean Jacques Rousseau;94290;Villeneuve-le-Roi;0149613687;ce.0941540N@ac-creteil.fr;Circonscription d'inspection  du 1er degre d'Orly
0941542R;Ecole élémentaire Georges Pompidou;14 rue Georges Gaume;94700;Maisons-Alfort;0145184250;ce.0941542R@ac-creteil.fr;Circonscription  de Maisons-Alfort
0941620A;Ecole élémentaire Jean Zay;15 rue Jean Zay;94120;Fontenay-sous-Bois;0171335742;ce.0941620A@ac-creteil.fr;Circonscription  de Fontenay-sous-Bois
0941623D;Ecole maternelle Jean Charcot;15 rue Jean Charcot;94420;Le Plessis-Trévise;0183904619;ce.0941623D@ac-creteil.fr;Circonscription  de Villiers-sur-Marne
0941696H;Ecole maternelle Victor Hugo;11 rue Victor Jérôme;94600;Choisy-le-Roi;0148907900;ce.0941696H@ac-creteil.fr;Circonscription  de Choisy-le-Roi
0941755X;Ecole élémentaire Jean Rostand B;Allée Jean Rostand;94470;Boissy-Saint-Léger;0145990615;ce.0941755X@ac-creteil.fr;Circonscription  de Boissy-Saint-Léger
0941842S;Ecole maternelle de la Tourelle;4 rue Plisson;94160;Saint-Mandé;0141740323;ce.0941842S@ac-creteil.fr;Circonscription  de Vincennes
0941874B;Ecole maternelle Gaston Defferre;5 rue Georges Ohm;94000;Créteil;0156712840;ce.0941874B@ac-creteil.fr;Circonscription  de Créteil 2
0941882K;Ecole maternelle Champs des Alouettes;9 rue de l'Archevêché;94220;Charenton-le-Pont;0143765378;ce.0941882K@ac-creteil.fr;Circonscription  d'Alfortville
0941896A;Ecole primaire la Forêt;Avenue des 40 Arpents;94440;Marolles-en-Brie;0145983456;ce.0941896A@ac-creteil.fr;Circonscription  de Marolles-en-Brie
0942022M;Ecole élémentaire Parangon;41 boulevard Maréchal Leclerc;94340;Joinville-le-Pont;0148893214;ce.0942022M@ac-creteil.fr;Circonscription  de Nogent-sur-Marne
0942043K;Ecole élémentaire Paul Langevin;Rue Jean Mermoz;94800;Villejuif;0149584242;ce.0942043K@ac-creteil.fr;Circonscription  de Villejuif
0942088J;Ecole élémentaire Irène Joliot-Curie;56 rue Jean Baptiste Baudin;94800;Villejuif;0147262635;ce.0942088J@ac-creteil.fr;Circonscription  de Villejuif
0942107E;Ecole élémentaire Pasteur;1 rue Jean Moulin;94220;Charenton-le-Pont;0145184503;ce.0942107E@ac-creteil.fr;Circonscription  d'Alfortville
0942147Y;Ecole élémentaire Blaise Pascal;1 rue Nicolas Poussin;94000;Créteil;0148980894;ce.0942147Y@ac-creteil.fr;Circonscription  de Créteil 1
0942148Z;Ecole élémentaire Allezard;38 rue Juliette Savar;94000;Créteil;0141945028;ce.0942148Z@ac-creteil.fr;Circonscription  de Créteil 2
0942198D;Ecole primaire Les Chalets;11 villa Jarlet;94100;Saint-Maur-des-Fossés;0148830056;ce.0942198D@ac-creteil.fr;Circonscription  de Saint-Maur-des-Fossés
0942222E;Ecole maternelle Maurice Thorez 2;22 rue du 11 Novembre 1918;94500;Champigny-sur-Marne;0155984101;ce.0942222E@ac-creteil.fr;Circonscription  de Champigny-sur-Marne 2
0942239Y;Ecole maternelle Danielle casanova;9 avenue Romain Rolland;94380;Bonneuil-sur-Marne;0149804817;ce.0942239Y@ac-creteil.fr;Circonscription  de Bonneuil-sur-Marne
0942244D;Ecole élémentaire Marcel Cachin A;91 rue Jules Lagaisse;94400;Vitry-sur-Seine;0616368848;ce.0942244D@ac-creteil.fr;Circonscription  de Vitry-sur-Seine 1
0942274L;Ecole élémentaire Anne Sylvestre;3 avenue Paul Verlaine;94190;Villeneuve-Saint-Georges;0156329801;ce.0942274L@ac-creteil.fr;Circonscription  de Villeneuve-Saint-Georges
0942343L;Ecole maternelle les Coquelicots;14 mail Stéphane Hessel;94260;Fresnes;0178682771;ce.0942343L@ac-creteil.fr;Circonscription  de Fresnes
0942344M;Ecole élémentaire Théodore Monod;14 mail Stéphane Hessel;94260;Fresnes;0178682780;ce.0942344M@ac-creteil.fr;Circonscription  de Fresnes
0942359D;Ecole primaire Rosa Parks;84 avenue de Verdun;94200;Ivry-sur-Seine;0149602923;ce.0942359D@ac-creteil.fr;Circonscription  d'Ivry-sur-Seine
0942371S;Ecole élémentaire Rosalind Franklin;7 rue Emile Blin;94200;Ivry-sur-Seine;0149602410;ce.0942371S@ac-creteil.fr;Circonscription  d'Ivry-sur-Seine
0942384F;Ecole élémentaire Nelson Mandela;118 avenue Anatole France;94600;Choisy-le-Roi;0170139247;ce.0942384F@ac-creteil.fr;Circonscription  de Choisy-le-Roi
0942385G;Ecole élémentaire Paul Langevin;29 rue Albert 1er;94600;Choisy-le-Roi;0170139236;ce.0942385G@ac-creteil.fr;Circonscription  de Choisy-le-Roi
0942400Y;Ecole maternelle Jacques Prevert;4 rue Charles Peguy;94000;Créteil;0149817612;ce.0942400Y@ac-creteil.fr;Circonscription  de Créteil 1
0942456J;Ecole maternelle Rosalind Franklin;7 rue Emile Blin;94200;Ivry-sur-Seine;0149602410;ce.0942456J@ac-creteil.fr;Circonscription  d'Ivry-sur-Seine
0942457K;Ecole maternelle Léonard de Vinci;2 ter rue Jacques Kablé;94130;Nogent-sur-Marne;0188296430;ce.0942457K@ac-creteil.fr;Circonscription  de Nogent-sur-Marne
0940744Y;Ecole maternelle Danielle Casanova;3 place Paul Vaillant-Couturier;94460;Valenton;0145100610;ce.0940744Y@ac-creteil.fr;Circonscription  de Bonneuil-sur-Marne
0941128R;Ecole élémentaire les Buttes;45 avenue Sainte-Marie;94000;Créteil;0145172281;ce.0941128R@ac-creteil.fr;Circonscription  de Créteil 2
0941483B;Ecole maternelle les Blondeaux;8 rue des écoles;94240;L'Haÿ-les-Roses;0146614397;ce.0941483B@ac-creteil.fr;Circonscription  de Cachan
0941699L;Ecole maternelle Eugénie Cotton;6 rue Georges Clemenceau;94600;Choisy-le-Roi;0148527979;ce.0941699L@ac-creteil.fr;Circonscription  de Choisy-le-Roi
0940544F;Ecole maternelle Jeu de paume;9 rue Jeu de Paume;94000;Créteil;0145130742;ce.0940544F@ac-creteil.fr;Circonscription  de Créteil 2
0942132G;Ecole maternelle la Source;5 Petite voie des Fontaines;94150;Rungis;0179616150;ce.0942132G@ac-creteil.fr;Circonscription  de Fresnes
0942346P;Ecole primaire la Habette;12 rue du Docteur Ramon;94000;Créteil;0145130231;ce.0942346P@ac-creteil.fr;Circonscription  de Créteil 2
0942403B;Ecole maternelle Edouard Vaillant;02 rue Edouard Vaillant;94120;Fontenay-sous-Bois;0171335766;ce.0942403B@ac-creteil.fr;Circonscription  de Fontenay-sous-Bois
0940369R;Ecole élémentaire Joliot Curie B;23 rue Saint-Just;94200;Ivry-sur-Seine;0172046676;ce.0940369R@ac-creteil.fr;Circonscription  d'Ivry-sur-Seine
0941075H;Ecole maternelle Henri Bassis;77 rue du Monument;94500;Champigny-sur-Marne;0155093102;ce.0941075H@ac-creteil.fr;Circonscription  de Champigny-sur-Marne 1
0941318X;Ecole élémentaire Léo Orville;63 boulevard John Fitzgerald Kennedy;94000;Créteil;0145130740;ce.0941318X@ac-creteil.fr;Circonscription  de Créteil 2
0940548K;Ecole maternelle Marcel Cachin;37 rue de Sébastopol;94600;Choisy-le-Roi;0148840272;ce.0940548K@ac-creteil.fr;Circonscription  de Choisy-le-Roi
0940555T;Ecole élémentaire La Plaine;15 rue François Rude;94230;Cachan;0149696051;ce.0940555T@ac-creteil.fr;Circonscription  de Cachan
0940561Z;Ecole maternelle les Guiblets;82 boulevard John Kennedy;94000;Créteil;0141945421;ce.0940561Z@ac-creteil.fr;Circonscription  de Créteil 2
0940562A;Ecole maternelle Paul Casalis;20 rue Henri Doucet;94000;Créteil;0156711967;ce.0940562A@ac-creteil.fr;Circonscription  de Créteil 2
0940642M;Ecole élémentaire Berthelot;36 rue Curie;94190;Villeneuve-Saint-Georges;0143890869;ce.0940642M@ac-creteil.fr;Circonscription  de Villeneuve-Saint-Georges
0940645R;Ecole élémentaire Anatole France;36 avenue Anatole France;94190;Villeneuve-Saint-Georges;0143890842;ce.0940645R@ac-creteil.fr;Circonscription  de Villeneuve-Saint-Georges
0940652Y;Ecole élémentaire Paul Bert;61 rue Paul Bert;94290;Villeneuve-le-Roi;0149619340;ce.0940652Y@ac-creteil.fr;Circonscription d'inspection  du 1er degre d'Orly
0940674X;Ecole élémentaire Pasteur;1 rue Louise du Pierry;94450;Limeil-Brévannes;0156864470;ce.0940674X@ac-creteil.fr;Circonscription  de Boissy-Saint-Léger
0940683G;Ecole élémentaire André Le Notre;30 rue André Le Nôtre;94490;Ormesson-sur-Marne;0145945158;ce.0940683G@ac-creteil.fr;Circonscription  de Bonneuil-sur-Marne
0940693T;Ecole élémentaire Jean Jaurès;42 rue Jean Jaurès;94510;La Queue-en-Brie;0145762696;ce.0940693T@ac-creteil.fr;Circonscription  de Marolles-en-Brie
0940704E;Ecole élémentaire Mélanie Bonis;9 rue du Bois d'Auteuil;94440;Villecresnes;0156732013;ce.0940704E@ac-creteil.fr;Circonscription  de Boissy-Saint-Léger
0940720X;Ecole maternelle Amedée Dunois;18 rue de Sucy;94470;Boissy-Saint-Léger;0145695937;ce.0940720X@ac-creteil.fr;Circonscription  de Boissy-Saint-Léger
0940725C;Ecole maternelle Saint-Exupéry;87 avenue du Général de Gaulle;94420;Le Plessis-Trévise;0183904617;ce.0940725C@ac-creteil.fr;Circonscription  de Villiers-sur-Marne
0940732K;Ecole maternelle Edouard Herriot;10 avenue des luats;94350;Villiers-sur-Marne;0149301895;ce.0940732K@ac-creteil.fr;Circonscription  de Villiers-sur-Marne
0940734M;Ecole maternelle Paul Vaillant-Couturier;Parc de Beauregard;94190;Villeneuve-Saint-Georges;0143890558;ce.0940734M@ac-creteil.fr;Circonscription  de Villeneuve-Saint-Georges
0940736P;Ecole maternelle Condorcet;2 rue Condorcet;94190;Villeneuve-Saint-Georges;0143890344;ce.0940736P@ac-creteil.fr;Circonscription  de Villeneuve-Saint-Georges
0940738S;Ecole maternelle Marc Séguin;113 avenue Anatole France;94190;Villeneuve-Saint-Georges;0143890694;ce.0940738S@ac-creteil.fr;Circonscription  de Villeneuve-Saint-Georges
0940756L;Ecole élémentaire Romain Rolland A;3 avenue Romain Rolland;94380;Bonneuil-sur-Marne;0149805190;ce.0940756L@ac-creteil.fr;Circonscription  de Bonneuil-sur-Marne
0940759P;Ecole élémentaire Lapierre;Allée du 8 Mai 1945;94140;Alfortville;0143756385;ce.0940759P@ac-creteil.fr;Circonscription  d'Alfortville
0940769A;Ecole élémentaire Robert Schuman;60 avenue de Lattre de Tassigny;94320;Thiais;0148523943;ce.0940769A@ac-creteil.fr;Circonscription  de Fresnes
0940771C;Ecole élémentaire Makarenko;4 rue Jean Perrin;94200;Ivry-sur-Seine;0149602607;ce.0940771C@ac-creteil.fr;Circonscription  d'Ivry-sur-Seine
0940781N;Ecole maternelle d'application Romain Rolland;1 bis rue ROMAIN ROLLAND;94380;Bonneuil-sur-Marne;0149804943;ce.0940781N@ac-creteil.fr;Circonscription  de Bonneuil-sur-Marne
0940799H;Ecole maternelle Maurice Rousseau;52 avenue Claire;94430;Chennevières-sur-Marne;0145764801;ce.0940799H@ac-creteil.fr;Circonscription  de Champigny-sur-Marne 2
0940803M;Ecole élémentaire Marbeau;31 avenue Marbeau;94420;Le Plessis-Trévise;0183904565;ce.0940803M@ac-creteil.fr;Circonscription  de Villiers-sur-Marne
0940906Z;Ecole maternelle Geneviève de Gaulle-Anthonioz;7 rue Olympe de Gouges;94240;L'Haÿ-les-Roses;0179616270;ce.0940906Z@ac-creteil.fr;Circonscription  de Cachan
0940943P;Ecole maternelle Charles Péguy;91 avenue du Général de Gaulle;94320;Thiais;0146862269;ce.0940943P@ac-creteil.fr;Circonscription  de Fresnes
0940953A;Ecole élémentaire Lallier;27 rue Paul Hochart;94240;L'Haÿ-les-Roses;0146863571;ce.0940953A@ac-creteil.fr;Circonscription  de Cachan
0941110W;Ecole élémentaire Anatole France;53 rue du Stade;94490;Ormesson-sur-Marne;0145769198;ce.0941110W@ac-creteil.fr;Circonscription  de Bonneuil-sur-Marne
0941119F;Ecole élémentaire Lamartine;40 route de Villiers;94510;La Queue-en-Brie;0145763171;ce.0941119F@ac-creteil.fr;Circonscription  de Marolles-en-Brie
0941127P;Ecole élémentaire Victor Hugo;7 avenue de la République;94000;Créteil;0145170360;ce.0941127P@ac-creteil.fr;Circonscription  de Créteil 1
0941133W;Ecole maternelle Lacore-Moreau;9 allée des Jardins;94140;Alfortville;0143754618;ce.0941133W@ac-creteil.fr;Circonscription  d'Alfortville
0941138B;Ecole maternelle Anatole France;5 rue Pierre et Angèle Le Hen;94450;Limeil-Brévannes;0145990218;ce.0941138B@ac-creteil.fr;Circonscription  de Boissy-Saint-Léger
0941140D;Ecole maternelle les Noyers;35 rue de la République;94370;Sucy-en-Brie;0145901339;ce.0941140D@ac-creteil.fr;Circonscription  de Marolles-en-Brie
0941245T;Ecole élémentaire Octobre;76 rue Marcelin Berthelot;94140;Alfortville;0143756431;ce.0941245T@ac-creteil.fr;Circonscription  d'Alfortville
0941268T;Ecole élémentaire Diderot;16 avenue Diderot;94100;Saint-Maur-des-Fossés;0142838819;ce.0941268T@ac-creteil.fr;Circonscription  de Saint-Maur-des-Fossés
0941271W;Ecole élémentaire Charles Digeon;24 rue du Commandant Mouchotte;94160;Saint-Mandé;0149579026;ce.0941271W@ac-creteil.fr;Circonscription  de Vincennes
0941307K;Ecole maternelle Jeanne Vacher;89 rue de Musselburgh;94500;Champigny-sur-Marne;0148814592;ce.0941307K@ac-creteil.fr;Circonscription  de Champigny-sur-Marne 1
0941312R;Ecole maternelle Gabriel Péri;47 rue Gabriel Péri;94200;Ivry-sur-Seine;0149602608;ce.0941312R@ac-creteil.fr;Circonscription  d'Ivry-sur-Seine
0941313S;Ecole maternelle Pierre Curie;1 rue Pierre Curie;94450;Limeil-Brévannes;0145697848;ce.0941313S@ac-creteil.fr;Circonscription  de Boissy-Saint-Léger
0941325E;Ecole élémentaire les Joncs Marins;8 rue Jules Ferry;94170;Le Perreux-sur-Marne;0153481132;ce.0941325E@ac-creteil.fr;Circonscription  de Nogent-sur-Marne
0941333N;Ecole maternelle Savereau;14 rue de Brévannes;94470;Boissy-Saint-Léger;0145696850;ce.0941333N@ac-creteil.fr;Circonscription  de Boissy-Saint-Léger
0941334P;Ecole maternelle Anatole France 2;10 square Jean Goujon;94500;Champigny-sur-Marne;0153881062;ce.0941334P@ac-creteil.fr;Circonscription  de Champigny-sur-Marne 2
0941337T;Ecole élémentaire Pablo Picasso;5 avenue de Valenton;94450;Limeil-Brévannes;0145995194;ce.0941337T@ac-creteil.fr;Circonscription  de Boissy-Saint-Léger
0941363W;Ecole maternelle les Quatre Vents;26 rue Gabriel Péri;94220;Charenton-le-Pont;0146764843;ce.0941363W@ac-creteil.fr;Circonscription  d'Alfortville
0941381R;Ecole élémentaire Henri Barbusse;4 rue du Docteur Ténine;94250;Gentilly;0147405814;ce.0941381R@ac-creteil.fr;Circonscription  d'Arcueil
0941382S;Ecole élémentaire les Quarante Arpents;Voie aux vaches;94440;Santeny;0143860918;ce.0941382S@ac-creteil.fr;Circonscription  de Marolles-en-Brie
0941384U;Ecole élémentaire Saint-Exupéry;57 bis rue Gabriel Péri;94700;Maisons-Alfort;0145183340;ce.0941384U@ac-creteil.fr;Circonscription  de Maisons-Alfort
0941387X;Ecole primaire José De Heredia;4 allée Tristan Bernard;94000;Créteil;0141789096;ce.0941387X@ac-creteil.fr;Circonscription  de Créteil 1
0941392C;Ecole élémentaire Jean Moulin;11 rue Germain Defresne;94400;Vitry-sur-Seine;0146828241;ce.0941392C@ac-creteil.fr;Circonscription  de Vitry-sur-Seine 2
0941393D;Ecole maternelle Charles Perrault;25 rue du Maréchal Foch;94350;Villiers-sur-Marne;0149410026;ce.0941393D@ac-creteil.fr;Circonscription  de Villiers-sur-Marne
0941425N;Ecole élémentaire Saint Exupéry;86 avenue de Versailles;94320;Thiais;0148842705;ce.0941425N@ac-creteil.fr;Circonscription  de Fresnes
0941426P;Ecole élémentaire Jules Ferry;26 rue des Tilleuls;94290;Villeneuve-le-Roi;0149615642;ce.0941426P@ac-creteil.fr;Circonscription d'inspection  du 1er degre d'Orly
0941442G;Ecole élémentaire Montaigne;2 rue de Bordeaux;94140;Alfortville;0143756480;ce.0941442G@ac-creteil.fr;Circonscription  d'Alfortville
0941448N;Ecole maternelle Jacques Prévert;2 rue Jacques Prévert;94470;Boissy-Saint-Léger;0145697370;ce.0941448N@ac-creteil.fr;Circonscription  de Boissy-Saint-Léger
0941456X;Ecole élémentaire Pierre Curie;13 rue du Lieutenant Le Coz;94550;Chevilly-Larue;0146868224;ce.0941456X@ac-creteil.fr;Circonscription  de Vitry-sur-Seine 1
0941484C;Ecole maternelle Ecole Médicis;3 rue de l'Hôtel Dieu;94150;Rungis;0179616100;ce.0941484C@ac-creteil.fr;Circonscription  de Fresnes
0941490J;Ecole maternelle Etienne de Silhouette;37 rue Aristide Briand;94360;Bry-sur-Marne;0148810407;ce.0941490J@ac-creteil.fr;Circonscription  de Villiers-sur-Marne
0941538L;Ecole primaire Victor Hugo;6 avenue Madeleine Smith Champion;94130;Nogent-sur-Marne;0188296585;ce.0941538L@ac-creteil.fr;Circonscription  de Nogent-sur-Marne
0941541P;Ecole élémentaire Léo Lagrange;Avenue du Maréchal Lyautey;94000;Créteil;0156721470;ce.0941541P@ac-creteil.fr;Circonscription  de Créteil 1
0941665Z;Ecole maternelle Jules Ferry;12 avenue des Acqueducs;94110;Arcueil;0141242545;ce.0941665Z@ac-creteil.fr;Circonscription  d'Arcueil
0941730V;Ecole maternelle Jean Rostand 2;Allée Jean Rostand;94470;Boissy-Saint-Léger;0145992797;ce.0941730V@ac-creteil.fr;Circonscription  de Boissy-Saint-Léger
0941731W;Ecole maternelle Félix Eboué;4 rue Thomas Edison;94000;Créteil;0156729352;ce.0941731W@ac-creteil.fr;Circonscription  de Créteil 1
0941757Z;Ecole maternelle Pierre Mendès France;2 place Mendès France;94000;Créteil;0158431072;ce.0941757Z@ac-creteil.fr;Circonscription  de Créteil 2
0941841R;Ecole maternelle d'application Denis Forestier;22 rue Micolon;94140;Alfortville;0143962641;ce.0941841R@ac-creteil.fr;Circonscription  d'Alfortville
0941854E;Ecole maternelle Jean Zay;27 rue de la Convention;94270;Le Kremlin-Bicêtre;0146727860;ce.0941854E@ac-creteil.fr;Circonscription  d'Arcueil
0941873A;Ecole primaire Gaston Defferre;7 rue Benjamin Moloise;94000;Créteil;0156712838;ce.0941873A@ac-creteil.fr;Circonscription  de Créteil 2
0941944C;Ecole élémentaire la Source;Square des Griffons;94000;Créteil;0149560105;ce.0941944C@ac-creteil.fr;Circonscription  de Créteil 2
0942044L;Ecole élémentaire Blaise Pascal;50 rue Victor Ruiz;94400;Vitry-sur-Seine;0146816321;ce.0942044L@ac-creteil.fr;Circonscription  de Vitry-sur-Seine 2
0942045M;Ecole élémentaire Anatole France;105 rue Balzac;94400;Vitry-sur-Seine;0146828034;ce.0942045M@ac-creteil.fr;Circonscription  de Vitry-sur-Seine 2
0942079Z;Ecole élémentaire La Pie;3 avenue d'Arromanches;94100;Saint-Maur-des-Fossés;0142838821;ce.0942079Z@ac-creteil.fr;Circonscription  de Saint-Maur-des-Fossés
0942093P;Ecole maternelle les Sarrazins;63 rue des Sarrazins;94000;Créteil;0156711122;ce.0942093P@ac-creteil.fr;Circonscription  de Créteil 2
0942110H;Ecole élémentaire Paul Bert;36 bis avenue de Choisy;94190;Villeneuve-Saint-Georges;0143890532;ce.0942110H@ac-creteil.fr;Circonscription  de Villeneuve-Saint-Georges
0942133H;Ecole maternelle Marcel Cachin;Allée Louis Bréguet;94310;Orly;0148902534;ce.0942133h@ac-creteil.fr;Circonscription d'inspection  du 1er degre d'Orly
0942164S;Ecole primaire Miss Cavell;52 avenue Miss Cavell;94100;Saint-Maur-des-Fossés;0141811079;ce.0942164S@ac-creteil.fr;Circonscription  de Saint-Maur-des-Fossés
0942189U;Ecole maternelle Malassis-Gluck;22 voie Gluck;94400;Vitry-sur-Seine;0156201823;ce.0942189U@ac-creteil.fr;Circonscription  de Vitry-sur-Seine 1
0942190V;Ecole maternelle Jacques Solomon;3 rue Jacques Solomon;94500;Champigny-sur-Marne;0153881071;ce.0942190V@ac-creteil.fr;Circonscription  de Champigny-sur-Marne 2
0942273K;Ecole primaire Paul Barilliet;23 rue du 2 Décembre 1870;94360;Bry-sur-Marne;0148812631;ce.0942273K@ac-creteil.fr;Circonscription  de Villiers-sur-Marne
0942345N;Ecole maternelle Charles Perrault;20 bis rue Edouard Till;94400;Vitry-sur-Seine;0146828461;ce.0942345N@ac-creteil.fr;Circonscription  de Vitry-sur-Seine 2
0942373U;Ecole primaire Charles Péguy;4 boulevard Pablo Picasso;94000;Créteil;0148997162;ce.0942373U@ac-creteil.fr;Circonscription  de Créteil 1
0942423Y;Ecole maternelle publique Jean Jaurès;35 rue Raspail;94460;Valenton;0156320536;ce.0942423Y@ac-creteil.fr;Circonscription  de Bonneuil-sur-Marne
0940166V;Ecole élémentaire Henri Bassis;67 rue du Monument;94500;Champigny-sur-Marne;0155093101;ce.0940166V@ac-creteil.fr;Circonscription  de Champigny-sur-Marne 1
0940188U;Ecole élémentaire Etienne de Silhouette;68 rue de la République;94360;Bry-sur-Marne;0148810136;ce.0940188U@ac-creteil.fr;Circonscription  de Villiers-sur-Marne
0940199F;Ecole élémentaire Irène Joliot-Curie;6 rue Irène Joliot-Curie;94500;Champigny-sur-Marne;0155092233;ce.0940199F@ac-creteil.fr;Circonscription  de Champigny-sur-Marne 1
0940200G;Ecole maternelle Centre;17 rue des Jardins;94240;L'Haÿ-les-Roses;0146658959;ce.0940200G@ac-creteil.fr;Circonscription  de Cachan
0940217A;Ecole élémentaire Paul Langevin;218 rue Marcel Hartmann;94200;Ivry-sur-Seine;0149602618;ce.0940217A@ac-creteil.fr;Circonscription  d'Ivry-sur-Seine
0940242C;Ecole élémentaire Olympe de Gouges;56 avenue Lénine;94110;Arcueil;0182012031;ce.0940242C@ac-creteil.fr;Circonscription  d'Arcueil
0940259W;Ecole élémentaire Frédéric Joliot-Curie;104 avenue d'Alfortville;94600;Choisy-le-Roi;0148909826;ce.0940259W@ac-creteil.fr;Circonscription  de Choisy-le-Roi
0940264B;Ecole élémentaire Georges Politzer;7 rue Gaston Soufflay;94500;Champigny-sur-Marne;0155091452;ce.0940264B@ac-creteil.fr;Circonscription  de Champigny-sur-Marne 1
0940285Z;Ecole élémentaire Paul Bert B;5 rue du Nivernais;94550;Chevilly-Larue;0146865385;ce.0940285Z@ac-creteil.fr;Circonscription  de Vitry-sur-Seine 1
0940294J;Ecole élémentaire Centre;19 rue Auguste Blanqui;94600;Choisy-le-Roi;0148840490;ce.0940294J@ac-creteil.fr;Circonscription  de Choisy-le-Roi
0940334C;Ecole élémentaire Paul Eluard;Place du Général Leclerc;94320;Thiais;0146804460;ce.0940334C@ac-creteil.fr;Circonscription  de Fresnes
0940356B;Ecole primaire Paul Bert;46 rue Paul Bert;94130;Nogent-sur-Marne;0188296550;ce.0940356B@ac-creteil.fr;Circonscription  de Nogent-sur-Marne
0940359E;Ecole élémentaire Parmentier B;6 rue Paul Vaillant-Couturier;94700;Maisons-Alfort;0145184430;ce.0940359E@ac-creteil.fr;Circonscription  de Maisons-Alfort
0940395U;Ecole maternelle Michelet;1 rue Alfred de Musset;94120;Fontenay-sous-Bois;0171335733;ce.0940395U@ac-creteil.fr;Circonscription  de Fontenay-sous-Bois
0940405E;Ecole maternelle Irène Joliot-Curie;12 rue du 18 Juin 1940;94400;Vitry-sur-Seine;0146828384;ce.0940405E@ac-creteil.fr;Circonscription  de Vitry-sur-Seine 2
0940414P;Ecole maternelle Jean-Jacques Rousseau;10 avenue Colonel Fabien;94400;Vitry-sur-Seine;0146822867;ce.0940414P@ac-creteil.fr;Circonscription  de Vitry-sur-Seine 1
0940417T;Ecole maternelle Conflans;26 rue de Conflans;94220;Charenton-le-Pont;0146766730;ce.0940417T@ac-creteil.fr;Circonscription  d'Alfortville
0940424A;Ecole maternelle Est;110 rue Diderot;94300;Vincennes;0148083356;ce.0940424A@ac-creteil.fr;Circonscription  de Vincennes
0940426C;Ecole maternelle Les Marguerites;75 avenue de la Paix;94260;Fresnes;0178682517;ce.0940426C@ac-creteil.fr;Circonscription  de Fresnes
0940434L;Ecole maternelle Fontenay;6 rue de Fontenay;94130;Nogent-sur-Marne;0188296560;ce.0940434L@ac-creteil.fr;Circonscription  de Nogent-sur-Marne
0940436N;Ecole maternelle Romain Gary;1 rue Romain Gary;94320;Thiais;0148924242;ce.0940436N@ac-creteil.fr;Circonscription  de Fresnes
0940437P;Ecole maternelle Gallieni;16 boulevard Gallieni;94130;Nogent-sur-Marne;0148731968;ce.0940437P@ac-creteil.fr;Circonscription  de Nogent-sur-Marne
0940439S;Ecole maternelle Centre Politzer;9 rue Gaston Soufflay;94500;Champigny-sur-Marne;0155091459;ce.0940439S@ac-creteil.fr;Circonscription  de Champigny-sur-Marne 1
0940441U;Ecole maternelle Henri Barbusse;9 rue Georgette Rostaing;94200;Ivry-sur-Seine;0149602603;ce.0940441U@ac-creteil.fr;Circonscription  d'Ivry-sur-Seine
0940444X;Ecole maternelle les Capucines;3 bis rue Auguste Daix;94260;Fresnes;0172045519;ce.0940444X@ac-creteil.fr;Circonscription  de Fresnes
0940449C;Ecole maternelle Irène Joliot Curie;56 rue Jean Baptiste Baudin;94800;Villejuif;0147262635;ce.0940449C@ac-creteil.fr;Circonscription  de Villejuif
0940455J;Ecole maternelle Paul Langevin;Rue Jean Mermoz;94800;Villejuif;0149584242;ce.0940455J@ac-creteil.fr;Circonscription  de Villejuif
0940457L;Ecole maternelle Jeanne d'Arc;21 rue Jeanne d'Arc;94320;Thiais;0146810107;ce.0940457L@ac-creteil.fr;Circonscription  de Fresnes
0940459N;Ecole maternelle Jules Ferry;4 avenue Jules Ferry;94360;Bry-sur-Marne;0148812624;ce.0940459N@ac-creteil.fr;Circonscription  de Villiers-sur-Marne
0940465V;Ecole maternelle Allezard;38 rue Juliette Savar;94000;Créteil;0141945021;ce.0940465V@ac-creteil.fr;Circonscription  de Créteil 2
0940466W;Ecole maternelle Roland Vernaudon;5 avenue Lamartine;94300;Vincennes;0143283300;ce.0940466W@ac-creteil.fr;Circonscription  de Vincennes
0940474E;Ecole maternelle Marinville;45 avenue de Marinville;94100;Saint-Maur-des-Fossés;0148831106;ce.0940474E@ac-creteil.fr;Circonscription  de Saint-Maur-des-Fossés
0940487U;Ecole maternelle Pasteur;2 rue Pasteur;94120;Fontenay-sous-Bois;0149747988;ce.0940487U@ac-creteil.fr;Circonscription  de Fontenay-sous-Bois
0940177G;Ecole élémentaire Ouest;22 rue Victor Basch;94300;Vincennes;0149579220;ce.0940177G@ac-creteil.fr;Circonscription  de Vincennes
0940190W;Ecole élémentaire Centre;Place du Maréchal Leclerc;94310;Orly;0148902460;ce.0940190W@ac-creteil.fr;Circonscription d'inspection  du 1er degre d'Orly
0940202J;Ecole élémentaire Dulcie September;5 allée Chanteclair;94200;Ivry-sur-Seine;0156207132;ce.0940202J@ac-creteil.fr;Circonscription  d'Ivry-sur-Seine
0940211U;Ecole élémentaire Albert Thomas;54 rue Karl Marx;94500;Champigny-sur-Marne;0141774061;ce.0940211U@ac-creteil.fr;Circonscription  de Champigny-sur-Marne 1
0940212V;Ecole élémentaire Aimé Césaire;45 rue du Général de Gaulle;94110;Arcueil;0171562021;ce.0940212V@ac-creteil.fr;Circonscription  d'Arcueil
0940221E;Ecole élémentaire Camille Claudel;Place du Général Leclerc;94320;Thiais;0146804223;ce.0940221E@ac-creteil.fr;Circonscription  de Fresnes
0940232S;Ecole élémentaire Berty Albrecht;Allée de la Grenouillère;94260;Fresnes;0178682524;ce.0940232S@ac-creteil.fr;Circonscription  de Fresnes
0940236W;Ecole élémentaire Paul Bert;1 rue Paul Bert;94160;Saint-Mandé;0141740296;ce.0940236W@ac-creteil.fr;Circonscription  de Vincennes
0940241B;Ecole élémentaire d'application Pasteur A;3 rue Pierre Dulac;94120;Fontenay-sous-Bois;0149747986;ce.0940241B@ac-creteil.fr;Circonscription  de Fontenay-sous-Bois
0940280U;Ecole élémentaire Irène Joliot-Curie B;12 rue du 18 Juin 1940;94400;Vitry-sur-Seine;0146828154;ce.0940280U@ac-creteil.fr;Circonscription  de Vitry-sur-Seine 2
0940287B;Ecole élémentaire Est Passeleu;108 rue Diderot;94300;Vincennes;0148083312;ce.0940287B@ac-creteil.fr;Circonscription  de Vincennes
0940301S;Ecole élémentaire Henri Cahn;26 bis boulevard Gallieni;94360;Bry-sur-Marne;0148810057;ce.0940301S@ac-creteil.fr;Circonscription  de Villiers-sur-Marne
0940348T;Ecole élémentaire Polangis;56 avenue Oudinot;94340;Joinville-le-Pont;0148893216;ce.0940348T@ac-creteil.fr;Circonscription  de Nogent-sur-Marne
0940351W;Ecole élémentaire Romain Rolland B;11 rue Parmentier;94500;Champigny-sur-Marne;0153881123;ce.0940351W@ac-creteil.fr;Circonscription  de Champigny-sur-Marne 2
0940361G;Ecole élémentaire Pierre Brossolette;3 rue Pierre Brossolette;94270;Le Kremlin-Bicêtre;0153145971;ce.0940361G@ac-creteil.fr;Circonscription  d'Arcueil
0940384G;Ecole primaire d'application Decroly;49 avenue Daumesnil;94160;Saint-Mandé;0143916160;ce.0940384G@ac-creteil.fr;Circonscription  de Vincennes
0940397W;Ecole maternelle Mot;1 boulevard André Bassée;94120;Fontenay-sous-Bois;0171335396;ce.0940397W@ac-creteil.fr;Circonscription  de Fontenay-sous-Bois
0940399Y;Ecole maternelle Centre;25 rue Auguste Blanqui;94600;Choisy-le-Roi;0148840416;ce.0940399Y@ac-creteil.fr;Circonscription  de Choisy-le-Roi
0940404D;Ecole maternelle Paul Bert;1 rue Paul Bert;94160;Saint-Mandé;0141740321;ce.0940404D@ac-creteil.fr;Circonscription  de Vincennes
0940413N;Ecole maternelle Paul Eluard;3 rue de Burnley;94400;Vitry-sur-Seine;0146828457;ce.0940413N@ac-creteil.fr;Circonscription  de Vitry-sur-Seine 1
0940415R;Ecole maternelle Joliot Curie;12 avenue Auguste Gross;94380;Bonneuil-sur-Marne;0149800512;ce.0940415R@ac-creteil.fr;Circonscription  de Bonneuil-sur-Marne
0940419V;Ecole maternelle Suzanne Buisson;31 rue Anatole France;94270;Le Kremlin-Bicêtre;0146706361;ce.0940419V@ac-creteil.fr;Circonscription  d'Arcueil
0940428E;Ecole maternelle Henri Barbusse;6 rue du Docteur Ténine;94250;Gentilly;0147405815;ce.0940428E@ac-creteil.fr;Circonscription  d'Arcueil
0940429F;Ecole maternelle George Sand;18 sentier Rabelais;94800;Villejuif;0153141180;ce.0940429F@ac-creteil.fr;Circonscription  de Villejuif
0940443W;Ecole maternelle Henri Barbusse;10 rue Henri Barbusse;94110;Arcueil;0146158375;ce.0940443W@ac-creteil.fr;Circonscription  d'Arcueil
0940445Y;Ecole maternelle Lamartine;15 rue Henri Kleynhoff;94250;Gentilly;0149699744;ce.0940445Y@ac-creteil.fr;Circonscription  d'Arcueil
0940454H;Ecole maternelle Marie et Pierre Curie;8 rue Jean Louis;94250;Gentilly;0147400342;ce.0940454H@ac-creteil.fr;Circonscription  d'Arcueil
0940477H;Ecole maternelle la Pie;10 rue Mirabeau;94100;Saint-Maur-des-Fossés;0148831692;ce.0940477H@ac-creteil.fr;Circonscription  de Saint-Maur-des-Fossés
0940482N;Ecole maternelle Danielle Casanova;49 rue de la Paix;94600;Choisy-le-Roi;0148909272;ce.0940482N@ac-creteil.fr;Circonscription  de Choisy-le-Roi
0940486T;Ecole maternelle Blancs Bouleaux;22 boulevard Pasteur;94260;Fresnes;0178682526;ce.0940486T@ac-creteil.fr;Circonscription  de Fresnes
0940499G;Ecole maternelle Raspail;67 rue Raspail;94700;Maisons-Alfort;0143536712;ce.0940499G@ac-creteil.fr;Circonscription  de Maisons-Alfort
0940500H;Ecole maternelle Maximilien Robespierre;7 ter rue Robespierre;94200;Ivry-sur-Seine;0149602600;ce.0940500H@ac-creteil.fr;Circonscription  d'Ivry-sur-Seine
0940505N;Ecole maternelle Octobre;2 ter rue de Seine;94140;Alfortville;0143756349;ce.0940505N@ac-creteil.fr;Circonscription  d'Alfortville
0940506P;Ecole maternelle Plateau;4 impasse des Sureaux;94410;Saint-Maurice;0145188168;ce.0940506P@ac-creteil.fr;Circonscription  de Maisons-Alfort
0940507R;Ecole maternelle Paul Vaillant-Couturier;4 place Paul Eluard;94800;Villejuif;0149581330;ce.0940507R@ac-creteil.fr;Circonscription  de Villejuif
0940508S;Ecole maternelle Parc des Tilleuls;19 place des Tilleuls;94100;Saint-Maur-des-Fossés;0148836944;ce.0940508S@ac-creteil.fr;Circonscription  de Saint-Maur-des-Fossés
0940514Y;Ecole maternelle Henri Wallon;37 rue Frédéric Joliot-Curie;94600;Choisy-le-Roi;0148909715;ce.0940514Y@ac-creteil.fr;Circonscription  de Choisy-le-Roi
0940525K;Ecole maternelle Robert Schuman;60 avenue de Lattre de Tassigny;94320;Thiais;0148523933;ce.0940525K@ac-creteil.fr;Circonscription  de Fresnes
0940527M;Ecole élémentaire Paul Casalis;20 rue Henri Doucet;94000;Créteil;0156711965;ce.0940527M@ac-creteil.fr;Circonscription  de Créteil 2
0940532T;Ecole élémentaire Marcel Cachin A;1 allée Louis Bréguet;94310;Orly;0148902533;ce.0940532T@ac-creteil.fr;Circonscription d'inspection  du 1er degre d'Orly
0940542D;Ecole maternelle les Garennes;35 rue du 8 Mai 1945;94240;L'Haÿ-les-Roses;0146659976;ce.0940542D@ac-creteil.fr;Circonscription  de Cachan
0940545G;Ecole maternelle Saint Exupéry;7 rue de Lorraine;94700;Maisons-Alfort;0145183342;ce.0940545G@ac-creteil.fr;Circonscription  de Maisons-Alfort
0940571K;Ecole élémentaire Maximilien Robespierre;8 rue Daumier;94800;Villejuif;0147266100;ce.0940571K@ac-creteil.fr;Circonscription  de Villejuif
0940573M;Ecole élémentaire Henri Wallon B;99 rue Louise Aglaé Cretté;94400;Vitry-sur-Seine;0143911724;ce.0940573M@ac-creteil.fr;Circonscription  de Vitry-sur-Seine 1
0940577S;Ecole maternelle Pauline Kergomard;31 rue Camille Blanc;94400;Vitry-sur-Seine;0146828249;ce.0940577S@ac-creteil.fr;Circonscription  de Vitry-sur-Seine 2
0940626V;Ecole élémentaire Les Buissons;2 avenue des Bruyères;94440;Marolles-en-Brie;0145950068;ce.0940626V@ac-creteil.fr;Circonscription  de Marolles-en-Brie
0940637G;Ecole élémentaire Condorcet A;2 rue Condorcet;94190;Villeneuve-Saint-Georges;0143890292;ce.0940637G@ac-creteil.fr;Circonscription  de Villeneuve-Saint-Georges
0940670T;Ecole primaire Germaine Tillion;12 rue des Fusillés de Chateaubriant;94430;Chennevières-sur-Marne;0173326101;ce.0940670T@ac-creteil.fr;Circonscription  de Champigny-sur-Marne 2
0940679C;Ecole élémentaire d'application Les Charmilles;1 rue de Rochopt;94520;Mandres-les-Roses;0145988221;ce.0940679C@ac-creteil.fr;Circonscription  de Marolles-en-Brie
0940708J;Ecole élémentaire Jean Jaurès;1 rue Louise Adelaïde;94350;Villiers-sur-Marne;0149413094;ce.0940708J@ac-creteil.fr;Circonscription  de Villiers-sur-Marne
0940712N;Ecole primaire Jeanne et Maurice Dudragne;9 avenue Monrichard;94350;Villiers-sur-Marne;0149412194;ce.0940712N@ac-creteil.fr;Circonscription  de Villiers-sur-Marne
0940717U;Ecole maternelle Paul Bert;61 rue Paul Bert;94290;Villeneuve-le-Roi;0145974220;ce.0940717U@ac-creteil.fr;Circonscription d'inspection  du 1er degre d'Orly
0940724B;Ecole maternelle Anatole France;26 rue Anatole France;94490;Ormesson-sur-Marne;0145467037;ce.0940724B@ac-creteil.fr;Circonscription  de Bonneuil-sur-Marne
0940727E;Ecole maternelle Parc Montaleau;30 rue Montaleau;94370;Sucy-en-Brie;0145902988;ce.0940727E@ac-creteil.fr;Circonscription  de Marolles-en-Brie
0940728F;Ecole maternelle Cité Verte;3 ter avenue Georges Pompidou;94370;Sucy-en-Brie;0149829360;ce.0940728F@ac-creteil.fr;Circonscription  de Marolles-en-Brie
0940733L;Ecole maternelle Anatole France;36 rue Anatole France;94190;Villeneuve-Saint-Georges;0143898110;ce.0940733L@ac-creteil.fr;Circonscription  de Villeneuve-Saint-Georges
0940739T;Ecole maternelle Paul Bert;Place Moulierat;94190;Villeneuve-Saint-Georges;0143822834;ce.0940739T@ac-creteil.fr;Circonscription  de Villeneuve-Saint-Georges
0940746A;Ecole maternelle Paul Eluard;Rue Gaston Monmousseau;94460;Valenton;0143863718;ce.0940746A@ac-creteil.fr;Circonscription  de Bonneuil-sur-Marne
0940752G;Ecole maternelle La Fosse Rouge;51 rue du Grand Val;94370;Sucy-en-Brie;0149829240;ce.0940752G@ac-creteil.fr;Circonscription  de Marolles-en-Brie
0940755K;Ecole élémentaire Romain Rolland B;5 avenue Romain Rolland;94380;Bonneuil-sur-Marne;0149805203;ce.0940755K@ac-creteil.fr;Circonscription  de Bonneuil-sur-Marne
0940777J;Ecole élémentaire Maurice Thorez A;22 rue du 11 Novembre 1918;94500;Champigny-sur-Marne;0155984102;ce.0940777J@ac-creteil.fr;Circonscription  de Champigny-sur-Marne 2
0940798G;Ecole maternelle Danielle Casanova;Avenue Danielle Casanova;94500;Champigny-sur-Marne;0155091705;ce.0940798G@ac-creteil.fr;Circonscription  de Champigny-sur-Marne 1
0940801K;Ecole élémentaire Maurice Rousseau;52 avenue Claire;94430;Chennevières-sur-Marne;0145760783;ce.0940801K@ac-creteil.fr;Circonscription  de Champigny-sur-Marne 2
0940901U;Ecole maternelle Danielle Casanova;5 rue du 10 juillet 1940;94400;Vitry-sur-Seine;0625337872;ce.0940901U@ac-creteil.fr;Circonscription  de Vitry-sur-Seine 2
0940907A;Ecole primaire Jean Renon;2 route de Combault;94350;Villiers-sur-Marne;0149302437;ce.0940907A@ac-creteil.fr;Circonscription  de Villiers-sur-Marne
0941060S;Ecole élémentaire Paul Eluard B;3 rue de Burnley;94400;Vitry-sur-Seine;0146828455;ce.0941060S@ac-creteil.fr;Circonscription  de Vitry-sur-Seine 1
0941121H;Ecole élémentaire Anatole France;22 rue d'Alsace Lorraine;94450;Limeil-Brévannes;0145696635;ce.0941121H@ac-creteil.fr;Circonscription  de Boissy-Saint-Léger
0941141E;Ecole maternelle Jean de La Fontaine;5 rue Albert Camus;94190;Villeneuve-Saint-Georges;0143822560;ce.0941141E@ac-creteil.fr;Circonscription  de Villeneuve-Saint-Georges
0941158Y;Ecole maternelle Robert Lebon;31 rue Lamartine;94800;Villejuif;0141734630;ce.0941158Y@ac-creteil.fr;Circonscription  de Villejuif
0941203X;Ecole maternelle Paul Langevin;Rue Aimé et Eugénie Cotton;94120;Fontenay-sous-Bois;0171335832;ce.0941203X@ac-creteil.fr;Circonscription  de Fontenay-sous-Bois
0941204Y;Ecole maternelle Henri Wallon;29 rue Sacco et Vanzetti;94800;Villejuif;0146773880;ce.0941204Y@ac-creteil.fr;Circonscription  de Villejuif
0941206A;Ecole maternelle Pont Royal;15 avenue du Pont Royal;94230;Cachan;0146659367;ce.0941206A@ac-creteil.fr;Circonscription  de Cachan
0941207B;Ecole élémentaire les Frères Lumière;2 rue des Fournières;94260;Fresnes;0178682545;ce.0941207B@ac-creteil.fr;Circonscription  de Fresnes
0941209D;Ecole élémentaire Geneviève De Gaulle-Anthonioz;7-11 rue Olympe de Gouges;94240;L'Haÿ-les-Roses;0146865996;ce.0941209D@ac-creteil.fr;Circonscription  de Cachan
0941257F;Ecole élémentaire Paul Langevin;1 rue Paul Langevin;94120;Fontenay-sous-Bois;0171335833;ce.0941257F@ac-creteil.fr;Circonscription  de Fontenay-sous-Bois
0941259H;Ecole élémentaire Gustave Courbet;8 rue du Président Allende;94250;Gentilly;0149865352;ce.0941259H@ac-creteil.fr;Circonscription  d'Arcueil
0941264N;Ecole maternelle Henri Wallon;3 rue Louise du Pierry;94450;Limeil-Brévannes;0156864463;ce.0941264N@ac-creteil.fr;Circonscription  de Boissy-Saint-Léger
0941273Y;Ecole élémentaire les Bruyères;24 boulevard de la Liberté;94370;Sucy-en-Brie;0149829250;ce.0941273Y@ac-creteil.fr;Circonscription  de Marolles-en-Brie
0941316V;Ecole élémentaire Jean Macé;12 rue Fernand Forest;94110;Arcueil;0145478222;ce.0941316V@ac-creteil.fr;Circonscription  d'Arcueil
0941317W;Ecole élémentaire Aristide Briand B;2 place Aristide Briand;94220;Charenton-le-Pont;0146764432;ce.0941317W@ac-creteil.fr;Circonscription  d'Alfortville
0941321A;Ecole élémentaire Raspail;44 avenue Georges Clemenceau;94700;Maisons-Alfort;0143536710;ce.0941321A@ac-creteil.fr;Circonscription  de Maisons-Alfort
0941327G;Ecole élémentaire Cité Verte;1 avenue de la Cité verte;94370;Sucy-en-Brie;0149829361;ce.0941327G@ac-creteil.fr;Circonscription  de Marolles-en-Brie
0941335R;Ecole maternelle Rosa Luxemburg;59 avenue de Valenton;94450;Limeil-Brévannes;0145992778;ce.0941335R@ac-creteil.fr;Circonscription  de Boissy-Saint-Léger
0941336S;Ecole maternelle Gournay;Chemin de Gournay;94510;La Queue-en-Brie;0145762778;ce.0941336S@ac-creteil.fr;Circonscription  de Marolles-en-Brie
0941339V;Ecole élémentaire Jean Jaurès;35 rue Raspail;94460;Valenton;0156320536;ce.0941339V@ac-creteil.fr;Circonscription  de Bonneuil-sur-Marne
0941367A;Ecole maternelle Henri Wallon 2;1 rue Henri Wallon;94120;Fontenay-sous-Bois;0171335364;ce.0941367A@ac-creteil.fr;Circonscription  de Fontenay-sous-Bois
0941375J;Ecole élémentaire Eugenie Cotton;500 rue de Bernau;94500;Champigny-sur-Marne;0141774151;ce.0941375J@ac-creteil.fr;Circonscription  de Champigny-sur-Marne 1
0941377L;Ecole élémentaire Aristide Briand A;2 place Aristide Briand;94220;Charenton-le-Pont;0146764431;ce.0941377L@ac-creteil.fr;Circonscription  d'Alfortville
0941380P;Ecole élémentaire Savignat;2 allée de la Côte d'Or;94000;Créteil;0145130551;ce.0941380P@ac-creteil.fr;Circonscription  de Créteil 2
0941388Y;Ecole élémentaire Jules Verne;9 avenue de la Commune de Paris;94400;Vitry-sur-Seine;0147183973;ce.0941388Y@ac-creteil.fr;Circonscription  de Vitry-sur-Seine 2
0941396G;Ecole maternelle les Châtaigniers;37 avenue des Châtaigniers;94470;Boissy-Saint-Léger;0145691783;ce.0941396G@ac-creteil.fr;Circonscription  de Boissy-Saint-Léger
0941443H;Ecole maternelle Clément Ader;18 rue Clément Ader;94430;Chennevières-sur-Marne;0145766503;ce.0941443H@ac-creteil.fr;Circonscription  de Champigny-sur-Marne 2
0941445K;Ecole maternelle Alain Gerbault;1 rue Charles Gounod;94000;Créteil;0145172292;ce.0941445K@ac-creteil.fr;Circonscription  de Créteil 1
0941494N;Ecole maternelle Jacques Prévert;59 avenue de Valenton;94450;Limeil-Brévannes;0145692294;ce.0941494N@ac-creteil.fr;Circonscription  de Boissy-Saint-Léger
0941496R;Ecole maternelle Eugénie Cotton;47 rue Maurice Coutant;94200;Ivry-sur-Seine;0149602616;ce.0941496R@ac-creteil.fr;Circonscription  d'Ivry-sur-Seine
0941513J;Ecole maternelle Pauline Kergomard;32 bis allée des Clématites;94510;La Queue-en-Brie;0149626226;ce.0941513J@ac-creteil.fr;Circonscription  de Marolles-en-Brie
0941539M;Ecole maternelle Fontaine de Villiers;1 avenue du Fort;94370;Sucy-en-Brie;0145903299;ce.0941539M@ac-creteil.fr;Circonscription  de Marolles-en-Brie
0941545U;Ecole maternelle la Maréchale;206 avenue de la Maréchale;94420;Le Plessis-Trévise;0183904622;ce.0941545U@ac-creteil.fr;Circonscription  de Villiers-sur-Marne
0941547W;Ecole maternelle Georges Pompidou;16 rue Georges Gaume;94700;Maisons-Alfort;0145184252;ce.0941547W@ac-creteil.fr;Circonscription  de Maisons-Alfort
0941608M;Ecole élémentaire Paul Langevin;97 rue Paul Armangot;94400;Vitry-sur-Seine;0143911562;ce.0941608M@ac-creteil.fr;Circonscription  de Vitry-sur-Seine 1
0941625F;Ecole maternelle Victor Hugo;Allée Jacques Prévert;94250;Gentilly;0149699596;ce.0941625F@ac-creteil.fr;Circonscription  d'Arcueil
0941626G;Ecole maternelle Réveillon;2 impasse du Mont Ezard;94440;Villecresnes;0145693551;ce.0941626G@ac-creteil.fr;Circonscription  de Boissy-Saint-Léger
0941627H;Ecole maternelle les Buissons;2 rue des Bruyères;94440;Marolles-en-Brie;0145950065;ce.0941627H@ac-creteil.fr;Circonscription  de Marolles-en-Brie
0941818R;Ecole maternelle Joseph Clouet;11 rue Georges Huchon;94300;Vincennes;0143654298;ce.0941818R@ac-creteil.fr;Circonscription  de Vincennes
0941840P;Ecole maternelle Jeanine Le Cleach;20 place des Bouleaux;94000;Créteil;0142074134;ce.0941840P@ac-creteil.fr;Circonscription  de Créteil 2
0941881J;Ecole maternelle Eugène Delacroix;27 bis rue du Maréchal Leclerc;94410;Saint-Maurice;0145188187;ce.0941881J@ac-creteil.fr;Circonscription  de Maisons-Alfort
0941894Y;Ecole maternelle la Ferme de Monsieur;Allée Robert de Dreux;94520;Mandres-les-Roses;0145989842;ce.0941894Y@ac-creteil.fr;Circonscription  de Marolles-en-Brie
0941902G;Ecole primaire Hautes Bruyères;18 avenue des Hautes Bruyères;94800;Villejuif;0147267164;ce.0941902G@ac-creteil.fr;Circonscription  de Villejuif
0941945D;Ecole maternelle la Source;Square des Griffons;94000;Créteil;0149560105;ce.0941945D@ac-creteil.fr;Circonscription  de Créteil 2
0941946E;Ecole maternelle Jean Zay;8 allée Mozart;94190;Villeneuve-Saint-Georges;0143894188;ce.0941946E@ac-creteil.fr;Circonscription  de Villeneuve-Saint-Georges
0942037D;Ecole primaire Louis Daguerre;25 rue Louis Daguerre;94360;Bry-sur-Marne;0148813360;ce.0942037D@ac-creteil.fr;Circonscription  de Villiers-sur-Marne
0942039F;Ecole élémentaire publique Guy Moquet;33 rue Guy Môquet;94130;Nogent-sur-Marne;0188296545;ce.0942039F@ac-creteil.fr;Circonscription  de Nogent-sur-Marne
0942081B;Ecole élémentaire Irène Joliot-Curie;15 bis rue du Docteur Calmette;94310;Orly;0148902467;ce.0942081B@ac-creteil.fr;Circonscription d'inspection  du 1er degre d'Orly
0942091M;Ecole maternelle Henri Arles;5 rue Auguste Delaune;94380;Bonneuil-sur-Marne;0156711065;ce.0942091M@ac-creteil.fr;Circonscription  de Bonneuil-sur-Marne
0942106D;Ecole maternelle la Petite Saussaie;2 rue de la Petite Saussaie;94400;Vitry-sur-Seine;0171806970;ce.0942106D@ac-creteil.fr;Circonscription  de Vitry-sur-Seine 1
0942108F;Ecole maternelle Robert Desnos;Rue Paul Lafargue;94270;Le Kremlin-Bicêtre;0145150082;ce.0942108F@ac-creteil.fr;Circonscription  d'Arcueil
0942135K;Ecole maternelle Pasteur;4 avenue de la Croix du Sud;94550;Chevilly-Larue;0145474350;ce.0942135K@ac-creteil.fr;Circonscription  de Vitry-sur-Seine 1
0942168W;Ecole primaire Emilie et Germaine Tillon;20 boulevard de la Guyane;94160;Saint-Mandé;0153661725;ce.0942168W@ac-creteil.fr;Circonscription  de Vincennes
0942197C;Ecole élémentaire Marie Louise et Marcel Salmon;Allée Maurice Clément;94420;Le Plessis-Trévise;0183904625;ce.0942197C@ac-creteil.fr;Circonscription  de Villiers-sur-Marne
0942210S;Ecole primaire Guy Moquet;24 rue Mirabeau;94200;Ivry-sur-Seine;0172046642;ce.0942210S@ac-creteil.fr;Circonscription  d'Ivry-sur-Seine
0942211T;Ecole primaire Jean-Louis Marquèze;5 ter rue Jean Marie Prugnot;94450;Limeil-Brévannes;0145100914;ce.0942211T@ac-creteil.fr;Circonscription  de Boissy-Saint-Léger
0942218A;Ecole élémentaire Léonard de Vinci;2 ter rue Jacques Kablé;94130;Nogent-sur-Marne;0188296430;ce.0942218A@ac-creteil.fr;Circonscription  de Nogent-sur-Marne
0942220C;Ecole maternelle Les Tulipes;Impasse des Fournières;94260;Fresnes;0178682556;ce.0942220C@ac-creteil.fr;Circonscription  de Fresnes
0942221D;Ecole maternelle Maurice Thorez 1;22 rue du 11 Novembre 1918;94500;Champigny-sur-Marne;0155984101;ce.0942221D@ac-creteil.fr;Circonscription  de Champigny-sur-Marne 2
0942238X;Ecole maternelle Anatole France;117 rue Balzac;94400;Vitry-sur-Seine;0146828032;ce.0942238X@ac-creteil.fr;Circonscription  de Vitry-sur-Seine 2
0942243C;Ecole primaire Val Roger;5 allée du Tramway;94420;Le Plessis-Trévise;0183904560;ce.0942243C@ac-creteil.fr;Circonscription  de Villiers-sur-Marne
0942363H;Ecole élémentaire spécialisée Les Guiblets;86 boulevard John Kennedy;94000;Créteil;0141945422;ce.0942363H@ac-creteil.fr;Circonscription  de Créteil 2
0942418T;Ecole élémentaire Simone Veil;100 boulevard de Stalingrad;94500;Champigny-sur-Marne;0153669223;ce.0942418T@ac-creteil.fr;Circonscription  de Champigny-sur-Marne 1
0942420V;Ecole élémentaire Anatole France;8 avenue Anatole France;94220;Charenton-le-Pont;0146764832;ce.0942420V@ac-creteil.fr;Circonscription  d'Alfortville
0942440S;Ecole primaire Simone Veil;5 passage de la Pyramide;94800;Villejuif;0186933400;ce.0942440S@ac-creteil.fr;Circonscription  de Villejuif
0942487T;Ecole élémentaire Anne Sylvestre;6 ter rue Galilée;94200;Ivry-sur-Seine;0172046660;ce.0942487T@ac-creteil.fr;Circonscription  d'Ivry-sur-Seine
0942507P;Ecole primaire Germaine Sablon;36 boulevard d'Alsace Lorraine;94170;Le Perreux-sur-Marne;0141935047;ce.0942507P@ac-creteil.fr;Circonscription  de Nogent-sur-Marne
0942511U;Ecole maternelle Anne Sylvestre;1 avenue Paul Verlaine;94190;Villeneuve-Saint-Georges;0145691848;ce.0942511U@ac-creteil.fr;Circonscription  de Villeneuve-Saint-Georges
0942569G;Ecole primaire Frida Kahlo;6 promenade Arthur Rimbaud;94550;Chevilly-Larue;0148900660;ce.0942569G@ac-creteil.fr;Circonscription  de Vitry-sur-Seine 1
0942617J;Ecole primaire Joséphine Baker;12 rue de Choisy;94400;Vitry-sur-Seine;;ce.0942617J@ac-creteil.fr;Circonscription  de Vitry-sur-Seine 2
0940440T;Ecole maternelle Centre;61 avenue Georges Clemenceau;94170;Le Perreux-sur-Marne;0141936662;ce.0940440T@ac-creteil.fr;Circonscription  de Nogent-sur-Marne
0940502K;Ecole maternelle Joliot Curie;21 rue Saint-Just;94200;Ivry-sur-Seine;0149602613;ce.0940502K@ac-creteil.fr;Circonscription  d'Ivry-sur-Seine
0940503L;Ecole maternelle Les Buttes;45 avenue Sainte-Marie;94000;Créteil;0145172282;ce.0940503L@ac-creteil.fr;Circonscription  de Créteil 2
0940639J;Ecole élémentaire Saint Exupéry A;8 rue Saint-Exupéry;94190;Villeneuve-Saint-Georges;0143891335;ce.0940639J@ac-creteil.fr;Circonscription  de Villeneuve-Saint-Georges
0940696W;Ecole élémentaire Centre;6 rue des écoles;94370;Sucy-en-Brie;0145902423;ce.0940696W@ac-creteil.fr;Circonscription  de Marolles-en-Brie
0940152E;Ecole élémentaire Le Parc;23 rue Paul Carle;94600;Choisy-le-Roi;0148840491;ce.0940152E@ac-creteil.fr;Circonscription  de Choisy-le-Roi
0940156J;Ecole élémentaire Centre;6 avenue Auguste Marin;94100;Saint-Maur-des-Fossés;0142838817;ce.0940156J@ac-creteil.fr;Circonscription  de Saint-Maur-des-Fossés
0940163S;Ecole élémentaire Montesquieu;57 rue Charles Fourier;94400;Vitry-sur-Seine;0155530011;ce.0940163S@ac-creteil.fr;Circonscription  de Vitry-sur-Seine 2
0940170Z;Ecole élémentaire Paul Bert A;17 rue du Nivernais;94550;Chevilly-Larue;0146865385;ce.0940170Z@ac-creteil.fr;Circonscription  de Vitry-sur-Seine 1
0940173C;Ecole élémentaire Est Liberation;106 rue Diderot;94300;Vincennes;0148085052;ce.0940173C@ac-creteil.fr;Circonscription  de Vincennes
0940180K;Ecole élémentaire Etienne Dolet;23 rue Etienne Dolet;94140;Alfortville;0143762364;ce.0940180K@ac-creteil.fr;Circonscription  d'Alfortville
0940181L;Ecole élémentaire Diderot;5 avenue Eugène Pelletan;94400;Vitry-sur-Seine;0146828136;ce.0940181L@ac-creteil.fr;Circonscription  de Vitry-sur-Seine 2
0940193Z;Ecole élémentaire Val de Beauté;6 rue Bauyn de Perreuse;94130;Nogent-sur-Marne;0188296590;ce.0940193Z@ac-creteil.fr;Circonscription  de Nogent-sur-Marne
0940215Y;Ecole élémentaire Roland Vernaudon;3 avenue Lamartine;94300;Vincennes;0148085949;ce.0940215Y@ac-creteil.fr;Circonscription  de Vincennes
0940318K;Ecole élémentaire Jean Moulin;87 avenue de la Victoire;94310;Orly;0148902506;ce.0940318K@ac-creteil.fr;Circonscription d'inspection  du 1er degre d'Orly
0940327V;Ecole élémentaire Pasteur;4 avenue de la Croix du Sud;94550;Chevilly-Larue;0145474350;ce.0940327V@ac-creteil.fr;Circonscription  de Vitry-sur-Seine 1
0940340J;Ecole élémentaire Michelet;2 avenue Michelet;94100;Saint-Maur-des-Fossés;0142838823;ce.0940340J@ac-creteil.fr;Circonscription  de Saint-Maur-des-Fossés
0940350V;Ecole élémentaire Maurice Thorez B;62 avenue Maurice Thorez;94200;Ivry-sur-Seine;0149602624;ce.0940350V@ac-creteil.fr;Circonscription  d'Ivry-sur-Seine
0940353Y;Ecole élémentaire Pasteur B;4 rue Pasteur;94120;Fontenay-sous-Bois;0149747987;ce.0940353Y@ac-creteil.fr;Circonscription  de Fontenay-sous-Bois
0940354Z;Ecole élémentaire Pasteur;48 rue Pasteur;94800;Villejuif;0146787679;ce.0940354Z@ac-creteil.fr;Circonscription  de Villejuif
0940375X;Ecole élémentaire Condorcet;4 rue de Vénus;94700;Maisons-Alfort;0156721770;ce.0940375X@ac-creteil.fr;Circonscription  de Maisons-Alfort
0940379B;Ecole élémentaire Makarenko A;1 rue Camille Blanc;94400;Vitry-sur-Seine;0155531573;ce.0940379B@ac-creteil.fr;Circonscription  de Vitry-sur-Seine 2
0940381D;Ecole élémentaire Les Blondeaux;80 rue de Chalais;94240;L'Haÿ-les-Roses;0149739610;ce.0940381D@ac-creteil.fr;Circonscription  de Cachan
0940382E;Ecole élémentaire Paul Eluard A;3 rue de Burnley;94400;Vitry-sur-Seine;0146828459;ce.0940382E@ac-creteil.fr;Circonscription  de Vitry-sur-Seine 1
0940401A;Ecole maternelle Edouard Cazaux;65 avenue du Bac;94100;Saint-Maur-des-Fossés;0148836124;ce.0940401A@ac-creteil.fr;Circonscription  de Saint-Maur-des-Fossés
0940411L;Ecole maternelle Blaise Pascal;50 rue Victor Ruiz;94400;Vitry-sur-Seine;0146828314;ce.0940411L@ac-creteil.fr;Circonscription  de Vitry-sur-Seine 2
0940422Y;Ecole maternelle Jean Lurçat;11 avenue Mahsa Jina Amini;94250;Gentilly;0146573203;ce.0940422Y@ac-creteil.fr;Circonscription  d'Arcueil
0940431H;Ecole maternelle Ouest;3 rue de l'Egalité;94300;Vincennes;0148080117;ce.0940431H@ac-creteil.fr;Circonscription  de Vincennes
0940438R;Ecole maternelle Champignol;12 rue Gaston;94100;Saint-Maur-des-Fossés;0148836367;ce.0940438R@ac-creteil.fr;Circonscription  de Saint-Maur-des-Fossés
0940448B;Ecole maternelle Irène Joliot Curie;2 rue Irène Joliot-Curie;94500;Champigny-sur-Marne;0155092232;ce.0940448B@ac-creteil.fr;Circonscription  de Champigny-sur-Marne 1
0940451E;Ecole maternelle Jean Jaurès;10 rue Désiré Granet;94400;Vitry-sur-Seine;0146828065;ce.0940451E@ac-creteil.fr;Circonscription  de Vitry-sur-Seine 2
0940460P;Ecole maternelle Jules Ferry;10 rue Jules Ferry;94170;Le Perreux-sur-Marne;0153481131;ce.0940460P@ac-creteil.fr;Circonscription  de Nogent-sur-Marne
0940464U;Ecole maternelle Marcel Cachin;91 rue Jules Lagaisse;94400;Vitry-sur-Seine;0626603155;ce.0940464U@ac-creteil.fr;Circonscription  de Vitry-sur-Seine 1
0940480L;Ecole maternelle Noyer Grenot;12 rue Pierre Corneille;94310;Orly;0148847921;ce.0940480L@ac-creteil.fr;Circonscription d'inspection  du 1er degre d'Orly
0940485S;Ecole maternelle Maurice Thorez;62 avenue Maurice Thorez;94200;Ivry-sur-Seine;0149602622;ce.0940485S@ac-creteil.fr;Circonscription  d'Ivry-sur-Seine
0940489W;Ecole maternelle Paul Bert;2 rue Paul Bert;94700;Maisons-Alfort;0149776315;ce.0940489W@ac-creteil.fr;Circonscription  de Maisons-Alfort
0940490X;Ecole maternelle Victor Hugo;4 rue Paul Francois Avet;94000;Créteil;0145170160;ce.0940490X@ac-creteil.fr;Circonscription  de Créteil 1
0940495C;Ecole maternelle Paul Doumer;170 avenue Pierre Brossolette;94170;Le Perreux-sur-Marne;0153481155;ce.0940495C@ac-creteil.fr;Circonscription  de Nogent-sur-Marne
0940504M;Ecole maternelle Savignat;2 allée de la Côte d'Or;94000;Créteil;0145130552;ce.0940504M@ac-creteil.fr;Circonscription  de Créteil 2
0940510U;Ecole maternelle Danielle Casanova;26 avenue du Général de Gaulle;94110;Arcueil;0147357184;ce.0940510U@ac-creteil.fr;Circonscription  d'Arcueil
0941342Y;Ecole maternelle Charles Péguy;17 rue Frédéric Passy;94350;Villiers-sur-Marne;0149419412;ce.0941342Y@ac-creteil.fr;Circonscription  de Villiers-sur-Marne
0940164T;Ecole élémentaire Irène Joliot-Curie A;Rue Saint-Germain;94400;Vitry-sur-Seine;0146828344;ce.0940164T@ac-creteil.fr;Circonscription  de Vitry-sur-Seine 2
0940430G;Ecole maternelle Victor Hugo;39 rue des écoles;94140;Alfortville;0143756358;ce.0940430G@ac-creteil.fr;Circonscription  d'Alfortville
0940640K;Ecole élémentaire Saint Exupéry B;8 rue Saint-Exupéry;94190;Villeneuve-Saint-Georges;0143826360;ce.0940640K@ac-creteil.fr;Circonscription  de Villeneuve-Saint-Georges
0940673W;Ecole élémentaire Martine Soulié;2 rue Julie-Victoire Daubié;94450;Limeil-Brévannes;0156864474;ce.0940673W@ac-creteil.fr;Circonscription  de Boissy-Saint-Léger
0940737R;Ecole maternelle Saint-Exupéry;8 rue Saint-Exupéry;94190;Villeneuve-Saint-Georges;0143891415;ce.0940737R@ac-creteil.fr;Circonscription  de Villeneuve-Saint-Georges
0941255D;Ecole maternelle Chateaubriand;Avenue Corvisart;94000;Créteil;0145172892;ce.0941255D@ac-creteil.fr;Circonscription  de Créteil 1
0940531S;Ecole élémentaire Romain Rolland A;Avenue Molière;94310;Orly;0148902497;ce.0940531S@ac-creteil.fr;Circonscription d'inspection  du 1er degre d'Orly
0940539A;Ecole élémentaire Marcel Cachin B;Allée Louis Bréguet;94310;Orly;0148902532;ce.0940539A@ac-creteil.fr;Circonscription d'inspection  du 1er degre d'Orly
0940541C;Ecole maternelle Paul Eluard;Rue Amundsen;94310;Orly;0148902488;ce.0940541C@ac-creteil.fr;Circonscription d'inspection  du 1er degre d'Orly
0940553R;Ecole maternelle Eugénie Cotton;500 rue de Bernau;94500;Champigny-sur-Marne;0141774153;ce.0940553R@ac-creteil.fr;Circonscription  de Champigny-sur-Marne 1
0940636F;Ecole élémentaire Jules Ferry;48 rue Henri Janin;94190;Villeneuve-Saint-Georges;0143893487;ce.0940636F@ac-creteil.fr;Circonscription  de Villeneuve-Saint-Georges
0940675Y;Ecole élémentaire Piard;28 rue Piard;94450;Limeil-Brévannes;0145693260;ce.0940675Y@ac-creteil.fr;Circonscription  de Boissy-Saint-Léger
0940698Y;Ecole élémentaire Le Plateau;49 rue d'Estienne d'Orves;94370;Sucy-en-Brie;0145904165;ce.0940698Y@ac-creteil.fr;Circonscription  de Marolles-en-Brie
0940700A;Ecole primaire Grand Val;4 rue Jean-Jacques Rousseau;94370;Sucy-en-Brie;0145902382;ce.0940700A@ac-creteil.fr;Circonscription  de Marolles-en-Brie
0940714R;Ecole élémentaire Georges Hure;1 rue Saint-Leu;94520;Périgny;0145989174;ce.0940714R@ac-creteil.fr;Circonscription  de Marolles-en-Brie
0940719W;Ecole maternelle Cités Unies;2 rue Mascaux;94290;Villeneuve-le-Roi;0149613686;ce.0940719W@ac-creteil.fr;Circonscription d'inspection  du 1er degre d'Orly
0940729G;Ecole maternelle Parc du Château;2 rue du Parc;94440;Villecresnes;0145990428;ce.0940729G@ac-creteil.fr;Circonscription  de Boissy-Saint-Léger
0940747B;Ecole maternelle Paul Langevin;85 rue Sacco et Vanzetti;94460;Valenton;0143890220;ce.0940747B@ac-creteil.fr;Circonscription  de Bonneuil-sur-Marne
0940751F;Ecole maternelle Saint-Exupéry;5 rue de la Courre aux Lièvres;94480;Ablon-sur-Seine;0145970815;ce.0940751F@ac-creteil.fr;Circonscription d'inspection  du 1er degre d'Orly
0940762T;Ecole maternelle Albert Camus;137 rue de Brie;94000;Créteil;0145170305;ce.0940762T@ac-creteil.fr;Circonscription  de Créteil 2
0940763U;Ecole maternelle Jacques Solomon;25 rue Gagnée;94200;Ivry-sur-Seine;0149602619;ce.0940763U@ac-creteil.fr;Circonscription  d'Ivry-sur-Seine
0940766X;Ecole élémentaire Makarenko B;3 rue Camille Blanc;94400;Vitry-sur-Seine;0155531574;ce.0940766X@ac-creteil.fr;Circonscription  de Vitry-sur-Seine 2
0940863C;Ecole maternelle Salvador Allende;1 rue du Rouergue;94550;Chevilly-Larue;0146876943;ce.0940863C@ac-creteil.fr;Circonscription  de Vitry-sur-Seine 1
0940946T;Ecole maternelle Eugénie Cotton;31 impasse André Kommer;94400;Vitry-sur-Seine;0145150432;ce.0940946T@ac-creteil.fr;Circonscription  de Vitry-sur-Seine 1
0940948V;Ecole maternelle Romain Rolland;Allée Maxime Gorki;94120;Fontenay-sous-Bois;0171335784;ce.0940948V@ac-creteil.fr;Circonscription  de Fontenay-sous-Bois
0940952Z;Ecole élémentaire Marcel Cachin;Rue Francisco Ferrer;94460;Valenton;0143894780;ce.0940952Z@ac-creteil.fr;Circonscription  de Bonneuil-sur-Marne
0941061T;Ecole élémentaire Eugenie Cotton;31 impasse André Kommer;94400;Vitry-sur-Seine;0145150431;ce.0941061T@ac-creteil.fr;Circonscription  de Vitry-sur-Seine 1
0941115B;Ecole élémentaire Henri Wallon;6 allée Darius Milhaud;94460;Valenton;0143891681;ce.0941115B@ac-creteil.fr;Circonscription  de Bonneuil-sur-Marne
0941118E;Ecole élémentaire d'application Centre;49 rue du Maréchal Leclerc;94410;Saint-Maurice;0145188239;ce.0941118E@ac-creteil.fr;Circonscription  de Maisons-Alfort
0941125M;Ecole primaire Pierre Demont;62 avenue de Lattre de Tassigny;94120;Fontenay-sous-Bois;0149747688;ce.0941125M@ac-creteil.fr;Circonscription  de Fontenay-sous-Bois
0941251Z;Ecole élémentaire Anatole France A;92 avenue Boileau;94500;Champigny-sur-Marne;0153881063;ce.0941251Z@ac-creteil.fr;Circonscription  de Champigny-sur-Marne 2
0941263M;Ecole élémentaire La Vallée Aux Renards;Rue Roger Salengro;94240;L'Haÿ-les-Roses;0155521073;ce.0941263M@ac-creteil.fr;Circonscription  de Cachan
0941272X;Ecole maternelle Procession;2 rue de la Procession;94370;Sucy-en-Brie;0145903669;ce.0941272X@ac-creteil.fr;Circonscription  de Marolles-en-Brie
0941275A;Ecole maternelle Jean Vilar;10 bis rue René Hamon;94800;Villejuif;0147262416;ce.0941275A@ac-creteil.fr;Circonscription  de Villejuif
0941308L;Ecole maternelle Paul Vaillant-Couturier;54 rue des Bas Clayaux;94500;Champigny-sur-Marne;0153881200;ce.0941308L@ac-creteil.fr;Circonscription  de Champigny-sur-Marne 2
0941319Y;Ecole élémentaire Michelet;1 rue Michelet;94120;Fontenay-sous-Bois;0171335732;ce.0941319Y@ac-creteil.fr;Circonscription  de Fontenay-sous-Bois
0941323C;Ecole élémentaire Paul Bert;37 avenue du Général Leclerc;94700;Maisons-Alfort;0145184180;ce.0941323C@ac-creteil.fr;Circonscription  de Maisons-Alfort
0941324D;Ecole élémentaire Victor Hugo;85 rue Victor Hugo;94700;Maisons-Alfort;0158734145;ce.0941324D@ac-creteil.fr;Circonscription  de Maisons-Alfort
0941366Z;Ecole maternelle Henri Wallon 1;Rue Henri Wallon;94120;Fontenay-sous-Bois;0171335363;ce.0941366Z@ac-creteil.fr;Circonscription  de Fontenay-sous-Bois
0941376K;Ecole élémentaire Valmy;1 rue de Valmy;94220;Charenton-le-Pont;0146766608;ce.0941376K@ac-creteil.fr;Circonscription  d'Alfortville
0941395F;Ecole maternelle Suzanne Heinrich;Rue de Brie;94520;Périgny;0145699738;ce.0941395F@ac-creteil.fr;Circonscription  de Marolles-en-Brie
0941398J;Ecole maternelle Alphonse Daudet;4 rue du Général Koenig;94700;Maisons-Alfort;0149779711;ce.0941398J@ac-creteil.fr;Circonscription  de Maisons-Alfort
0941450R;Ecole élémentaire Alain Gerbaut;1 rue Charles Gounod;94000;Créteil;0145172291;ce.0941450R@ac-creteil.fr;Circonscription  de Créteil 1
0941457Y;Ecole élémentaire Maurice Denis;41 rue Maurice Pirolley;94500;Champigny-sur-Marne;0141778097;ce.0941457Y@ac-creteil.fr;Circonscription  de Champigny-sur-Marne 1
0941485D;Ecole élémentaire Eugene Voisin;4 rue Eugène Voisin;94340;Joinville-le-Pont;0148893215;ce.0941485D@ac-creteil.fr;Circonscription  de Nogent-sur-Marne
0941487F;Ecole élémentaire d'application Jacques Prévert B;2 rue Jacques Prévert;94470;Boissy-Saint-Léger;0145696657;ce.0941487F@ac-creteil.fr;Circonscription  de Boissy-Saint-Léger
0941495P;Ecole maternelle les Bruyères;30 boulevard de la Liberté;94370;Sucy-en-Brie;0145902785;ce.0941495P@ac-creteil.fr;Circonscription  de Marolles-en-Brie
0941544T;Ecole maternelle Pelloutier;16 rue Fernand Pelloutier;94800;Villejuif;0146783153;ce.0941544T@ac-creteil.fr;Circonscription  de Villejuif
0941549Y;Ecole maternelle Léo Lagrange;Avenue du Maréchal Lyautey;94000;Créteil;0156721472;ce.0941549Y@ac-creteil.fr;Circonscription  de Créteil 1
0941616W;Ecole élémentaire Pauline Kergomard;34 allée des Clématites;94510;La Queue-en-Brie;0149628191;ce.0941616W@ac-creteil.fr;Circonscription  de Marolles-en-Brie
0941697J;Ecole élémentaire Jean Rostand A;Allée Jean Rostand;94470;Boissy-Saint-Léger;0145991245;ce.0941697J@ac-creteil.fr;Circonscription  de Boissy-Saint-Léger
0941752U;Ecole élémentaire d'application Albert Einstein;9 allée du Parc;94200;Ivry-sur-Seine;0149602602;ce.0941752U@ac-creteil.fr;Circonscription  d'Ivry-sur-Seine
0941754W;Ecole élémentaire Pierre Mendès-France;2 place Pierre Mendès France;94000;Créteil;0158431071;ce.0941754W@ac-creteil.fr;Circonscription  de Créteil 2
0941857H;Ecole maternelle Lallier;29 rue Paul Hochart;94240;L'Haÿ-les-Roses;0146863726;ce.0941857H@ac-creteil.fr;Circonscription  de Cachan
0941858J;Ecole maternelle Nicolas Gatin;10 rue de La Varenne;94100;Saint-Maur-des-Fossés;0143972659;ce.0941858J@ac-creteil.fr;Circonscription  de Saint-Maur-des-Fossés
0941859K;Ecole maternelle George sand;1 rue Parmentier;94700;Maisons-Alfort;0149779883;ce.0941859K@ac-creteil.fr;Circonscription  de Maisons-Alfort
0941860L;Ecole maternelle Jacques Prévert;6 avenue de la République;94320;Thiais;0146827733;ce.0941860L@ac-creteil.fr;Circonscription  de Fresnes
0941901F;Ecole élémentaire l'Orme au Chat;3 place de l'Orme au Chat;94200;Ivry-sur-Seine;0172046550;ce.0941901F@ac-creteil.fr;Circonscription  d'Ivry-sur-Seine
0942029V;Ecole maternelle Françoise Dolto;12 rue Charles Bassée;94120;Fontenay-sous-Bois;0171335842;ce.0942029V@ac-creteil.fr;Circonscription  de Fontenay-sous-Bois
0942038E;Ecole élémentaire Jean-Jacques Gressier;31 avenue des Platanes;94340;Joinville-le-Pont;0148868315;ce.0942038E@ac-creteil.fr;Circonscription  de Nogent-sur-Marne
0942040G;Ecole maternelle Hector Berlioz;9 rue de Mesly;94700;Maisons-Alfort;0149778664;ce.0942040G@ac-creteil.fr;Circonscription  de Maisons-Alfort
0942090L;Ecole maternelle Annie Fratellini;23 voie Normande;94290;Villeneuve-le-Roi;0149612003;ce.0942090L@ac-creteil.fr;Circonscription d'inspection  du 1er degre d'Orly
0942092N;Ecole élémentaire Henri Arles;Rue Auguste Delaune;94380;Bonneuil-sur-Marne;0156711066;ce.0942092N@ac-creteil.fr;Circonscription  de Bonneuil-sur-Marne
0942094R;Ecole élémentaire Les Sarrazins;51 rue des Sarrazins;94000;Créteil;0156711121;ce.0942094R@ac-creteil.fr;Circonscription  de Créteil 2
0942102Z;Ecole maternelle Frédéric Joliot-Curie;10 rue des Hautes Bornes;94310;Orly;0148902468;ce.0942102Z@ac-creteil.fr;Circonscription d'inspection  du 1er degre d'Orly
0942165T;Ecole primaire Jean Monnet;19 avenue des Murs du Parc;94300;Vincennes;0153669880;ce.0942165T@ac-creteil.fr;Circonscription  de Vincennes
0942199E;Ecole primaire Moulin à Vent;12 avenue du Moulin à Vent;94430;Chennevières-sur-Marne;0145760295;ce.0942199E@ac-creteil.fr;Circonscription  de Champigny-sur-Marne 2
0942236V;Ecole élémentaire Marcel Cachin;22 rue de Chevilly;94800;Villejuif;0146776262;ce.0942236V@ac-creteil.fr;Circonscription  de Villejuif
0942275M;Ecole élémentaire Jean Monnet - Jean Moulin;34 avenue Bertrand;94420;Le Plessis-Trévise;0183904628;ce.0942275M@ac-creteil.fr;Circonscription  de Villiers-sur-Marne
0942360E;Ecole maternelle Théophile Gautier;3 rue Albert Schweitzer;94350;Villiers-sur-Marne;0149307320;ce.0942360E@ac-creteil.fr;Circonscription  de Villiers-sur-Marne
0942386H;Ecole maternelle Mohamed Megrez;49 rue Benoît Malon;94270;Le Kremlin-Bicêtre;0146584025;ce.0942386H@ac-creteil.fr;Circonscription  d'Arcueil
0942398W;Ecole maternelle Paul Langevin;29 rue Albert 1er;94600;Choisy-le-Roi;0148924153;ce.0942398W@ac-creteil.fr;Circonscription  de Choisy-le-Roi
0942399X;Ecole élémentaire Albert Camus;2 avenue Nelson Mandela;94350;Villiers-sur-Marne;0149307840;ce.0942399X@ac-creteil.fr;Circonscription  de Villiers-sur-Marne
0942401Z;Ecole maternelle  Jules Grévy;17 rue Anatole France;94140;Alfortville;0143530987;ce.0942401Z@ac-creteil.fr;Circonscription  d'Alfortville
0942402A;Ecole maternelle Henri Barbusse;56 rue Paul Vaillant-Couturier;94140;Alfortville;0143754620;ce.0942402A@ac-creteil.fr;Circonscription  d'Alfortville
0942416R;Ecole maternelle Simone Veil;100 boulevard de Stalingrad;94500;Champigny-sur-Marne;0153669223;ce.0942416R@ac-creteil.fr;Circonscription  de Champigny-sur-Marne 1
0942421W;Ecole primaire Simone Veil;34 rue Mirabeau;94300;Vincennes;0143986536;ce.0942421W@ac-creteil.fr;Circonscription  de Vincennes
0942425A;Ecole maternelle Mélanie Bonis;9 rue du bois d'Auteuil;94440;Villecresnes;0156732013;ce.0942425A@ac-creteil.fr;Circonscription  de Boissy-Saint-Léger
0942616H;Ecole élémentaire Simone Franceschi;4 rue de Bordeaux;94140;Alfortville;0143757090;ce.0942616H@ac-creteil.fr;Circonscription  d'Alfortville
0940512W;Ecole maternelle Marcel Cachin;87 rue Diderot;94500;Champigny-sur-Marne;0155093061;ce.0940512W@ac-creteil.fr;Circonscription  de Champigny-sur-Marne 1
0940533U;Ecole élémentaire Marcel Cachin;41 rue Sébastopol;94600;Choisy-le-Roi;0148840272;ce.0940533U@ac-creteil.fr;Circonscription  de Choisy-le-Roi
0940559X;Ecole maternelle Jacques Decour;37 avenue du Docteur Roux;94500;Champigny-sur-Marne;0155971741;ce.0940559X@ac-creteil.fr;Circonscription  de Champigny-sur-Marne 1
0940565D;Ecole élémentaire Benoit Malon;1 rue Jean Mermoz;94270;Le Kremlin-Bicêtre;0149601730;ce.0940565D@ac-creteil.fr;Circonscription  d'Arcueil
0940568G;Ecole élémentaire Pierre Brossolette;154 bis avenue Pierre Brossolette;94170;Le Perreux-sur-Marne;0153481156;ce.0940568G@ac-creteil.fr;Circonscription  de Nogent-sur-Marne
0940572L;Ecole maternelle Maximilien Robespierre;8 rue Daumier;94800;Villejuif;0147266100;ce.0940572L@ac-creteil.fr;Circonscription  de Villejuif
0940631A;Ecole élémentaire Paul Eluard;Rue Gaston Monmousseau;94460;Valenton;0143894758;ce.0940631A@ac-creteil.fr;Circonscription  de Bonneuil-sur-Marne
0940638H;Ecole élémentaire Condorcet B;2 rue Condorcet;94190;Villeneuve-Saint-Georges;0143864196;ce.0940638H@ac-creteil.fr;Circonscription  de Villeneuve-Saint-Georges
0940668R;Ecole primaire Jacques Dore;4 rue Durmersheim;94430;Chennevières-sur-Marne;0145760683;ce.0940668R@ac-creteil.fr;Circonscription  de Champigny-sur-Marne 2
0940680D;Ecole élémentaire Jean Jaurès;2 rue Léon Blum;94880;Noiseau;0145901820;ce.0940680D@ac-creteil.fr;Circonscription  de Marolles-en-Brie
0940705F;Ecole élémentaire Les Merles;4 rue d'Yerres;94440;Villecresnes;0145103934;ce.0940705F@ac-creteil.fr;Circonscription  de Boissy-Saint-Léger
0940707H;Ecole élémentaire Jules Ferry;3 rue Jules Ferry;94350;Villiers-sur-Marne;0149411987;ce.0940707H@ac-creteil.fr;Circonscription  de Villiers-sur-Marne
0940716T;Ecole maternelle Pauline Kergomard;58 avenue Carnot;94290;Villeneuve-le-Roi;0149613643;ce.0940716T@ac-creteil.fr;Circonscription d'inspection  du 1er degre d'Orly
0940718V;Ecole maternelle Paul Painlevé;100 rue Paul Painlevé;94290;Villeneuve-le-Roi;0145978351;ce.0940718V@ac-creteil.fr;Circonscription d'inspection  du 1er degre d'Orly
0940722Z;Ecole maternelle André Le Nôtre;30 rue André Le Nôtre;94490;Ormesson-sur-Marne;0145767363;ce.0940722Z@ac-creteil.fr;Circonscription  de Bonneuil-sur-Marne
0940723A;Ecole maternelle La Fontaine;22 rue du Centre;94490;Ormesson-sur-Marne;0145767492;ce.0940723A@ac-creteil.fr;Circonscription  de Bonneuil-sur-Marne
0940731J;Ecole maternelle Jean Jaurès;1 rue Louise Adelaïde;94350;Villiers-sur-Marne;0175488139;ce.0940731J@ac-creteil.fr;Circonscription  de Villiers-sur-Marne
0940741V;Ecole maternelle Henri Wallon;4 allée Darius Milhaud;94460;Valenton;0143896042;ce.0940741V@ac-creteil.fr;Circonscription  de Bonneuil-sur-Marne
0940758N;Ecole maternelle Pauline Kergomard;Allée du 8 Mai 1945;94140;Alfortville;0143756242;ce.0940758N@ac-creteil.fr;Circonscription  d'Alfortville
0940764V;Ecole élémentaire La Fosse Rouge;Rue du Grand Val;94370;Sucy-en-Brie;0149829241;ce.0940764V@ac-creteil.fr;Circonscription  de Marolles-en-Brie
0940770B;Ecole maternelle Anton Makarenko;1 rue Camille Blanc;94400;Vitry-sur-Seine;0155531571;ce.0940770B@ac-creteil.fr;Circonscription  de Vitry-sur-Seine 2
0940954B;Ecole élémentaire Aimé et Eugenie Cotton;7 avenue de la République;94380;Bonneuil-sur-Marne;0149805438;ce.0940954B@ac-creteil.fr;Circonscription  de Bonneuil-sur-Marne
0941057N;Ecole élémentaire Jacques Solomon;1 rue Jacques Solomon;94500;Champigny-sur-Marne;0153881075;ce.0941057N@ac-creteil.fr;Circonscription  de Champigny-sur-Marne 2
0941068A;Ecole maternelle Jules Verne;9 avenue de la Commune de Paris;94400;Vitry-sur-Seine;0147183971;ce.0941068A@ac-creteil.fr;Circonscription  de Vitry-sur-Seine 2
0941117D;Ecole élémentaire les Noyers;35 rue de la République;94370;Sucy-en-Brie;0145902953;ce.0941117D@ac-creteil.fr;Circonscription  de Marolles-en-Brie
0941124L;Ecole élémentaire Romain Rolland;Allée Maxime Gorki;94120;Fontenay-sous-Bois;0171335783;ce.0941124L@ac-creteil.fr;Circonscription  de Fontenay-sous-Bois
0941129S;Ecole élémentaire Paul Doumer;80 avenue du Président Wilson;94230;Cachan;0149696061;ce.0941129S@ac-creteil.fr;Circonscription  de Cachan
0941130T;Ecole élémentaire Le Coteau;36 rue des Vignes;94230;Cachan;0149696034;ce.0941130T@ac-creteil.fr;Circonscription  de Cachan
0941144H;Ecole maternelle les Fleurs;Rue des Plantes;94440;Villecresnes;0145991717;ce.0941144H@ac-creteil.fr;Circonscription  de Boissy-Saint-Léger
0941246U;Ecole élémentaire Henri Barbusse;10 rue Henri Barbusse;94110;Arcueil;0146158372;ce.0941246U@ac-creteil.fr;Circonscription  d'Arcueil
0941249X;Ecole maternelle Anatole France 1;10 square Jean Goujon;94500;Champigny-sur-Marne;0153881061;ce.0941249X@ac-creteil.fr;Circonscription  de Champigny-sur-Marne 2
0941254C;Ecole élémentaire Chateaubriand;11 avenue Corvisart;94000;Créteil;0145172891;ce.0941254C@ac-creteil.fr;Circonscription  de Créteil 1
0941261K;Ecole maternelle de Lattre de Tassigny;45 rue de la Gaieté;94170;Le Perreux-sur-Marne;0148729831;ce.0941261K@ac-creteil.fr;Circonscription  de Nogent-sur-Marne
0941277C;Ecole élémentaire Jean Vilar;10 bis rue René Hamon;94800;Villejuif;0147262408;ce.0941277C@ac-creteil.fr;Circonscription  de Villejuif
0941341X;Ecole maternelle La Fontaine;Rue Jean de la Fontaine;94430;Chennevières-sur-Marne;0145766374;ce.0941341X@ac-creteil.fr;Circonscription  de Champigny-sur-Marne 2
0941369C;Ecole maternelle André Malraux;5 rue Louise du Pierry;94450;Limeil-Brévannes;0156864467;ce.0941369C@ac-creteil.fr;Circonscription  de Boissy-Saint-Léger
0941378M;Ecole élémentaire Pasteur;17 rue du Maréchal Foch;94480;Ablon-sur-Seine;0149611915;ce.0941378M@ac-creteil.fr;Circonscription d'inspection  du 1er degre d'Orly
0941379N;Ecole élémentaire Jules Ferry;5 rue Paul Signac;94110;Arcueil;0141242560;ce.0941379N@ac-creteil.fr;Circonscription  d'Arcueil
0941385V;Ecole élémentaire Léon Dauer;8 rue Maurice Berteaux;94350;Villiers-sur-Marne;0149413152;ce.0941385V@ac-creteil.fr;Circonscription  de Villiers-sur-Marne
0941386W;Ecole élémentaire Henri Wallon A;48 rue la Fontaine;94120;Fontenay-sous-Bois;0171335361;ce.0941386W@ac-creteil.fr;Circonscription  de Fontenay-sous-Bois
0941402N;Ecole élémentaire Jacques Prévert A;2 rue Jacques Prévert;94470;Boissy-Saint-Léger;0145696207;ce.0941402N@ac-creteil.fr;Circonscription  de Boissy-Saint-Léger
0941414B;Ecole maternelle Jacques Prévert 1;2 rue Jacques Prévert;94470;Boissy-Saint-Léger;0145696638;ce.0941414B@ac-creteil.fr;Circonscription  de Boissy-Saint-Léger
0941423L;Ecole maternelle Jean Zay;Rue Dunoyer de Segonzac;94510;La Queue-en-Brie;0145763945;ce.0941423L@ac-creteil.fr;Circonscription  de Marolles-en-Brie
0941447M;Ecole élémentaire Jean Zay;Rue Dunoyer de Segonzac;94510;La Queue-en-Brie;0145763441;ce.0941447M@ac-creteil.fr;Circonscription  de Marolles-en-Brie
0941449P;Ecole élémentaire les Hauts de Chennevières;11 rue Clément Ader;94430;Chennevières-sur-Marne;0145764486;ce.0941449P@ac-creteil.fr;Circonscription  de Champigny-sur-Marne 2
0941453U;Ecole maternelle Franklin Roosevelt;3 allée Georges Méliès;94300;Vincennes;0143744137;ce.0941453U@ac-creteil.fr;Circonscription  de Vincennes
0941455W;Ecole élémentaire Paul Eluard;Rue Amundsen;94310;Orly;0148902487;ce.0941455W@ac-creteil.fr;Circonscription d'inspection  du 1er degre d'Orly
0941486E;Ecole élémentaire Edouard Vaillant;2 rue Edouard Vaillant;94120;Fontenay-sous-Bois;0171335764;ce.0941486E@ac-creteil.fr;Circonscription  de Fontenay-sous-Bois
0941501W;Ecole élémentaire Carnot;64 avenue Carnot;94230;Cachan;0149696082;ce.0941501W@ac-creteil.fr;Circonscription  de Cachan
0941507C;Ecole maternelle Albert Camus;1 rue Albert Camus;94880;Noiseau;0145903894;ce.0941507C@ac-creteil.fr;Circonscription  de Marolles-en-Brie
0941550Z;Ecole maternelle Jean Rostand 1;Allée Jean Rostand;94470;Boissy-Saint-Léger;0145695068;ce.0941550Z@ac-creteil.fr;Circonscription  de Boissy-Saint-Léger
0941621B;Ecole maternelle Jean Zay;80 rue la Fontaine;94120;Fontenay-sous-Bois;0171335743;ce.0941621B@ac-creteil.fr;Circonscription  de Fontenay-sous-Bois
0941624E;Ecole maternelle Le Parc-Est;12 avenue de l'Est;94100;Saint-Maur-des-Fossés;0148860607;ce.0941624E@ac-creteil.fr;Circonscription  de Saint-Maur-des-Fossés
0941628J;Ecole maternelle Clément Viénot;6 rue Clément Vienot;94300;Vincennes;0141743053;ce.0941628J@ac-creteil.fr;Circonscription  de Vincennes
0941664Y;Ecole maternelle du Thillard;2 rue du Thillard;94170;Le Perreux-sur-Marne;0148724890;ce.0941664Y@ac-creteil.fr;Circonscription  de Nogent-sur-Marne
0941689A;Ecole élémentaire Henri Wallon B;48 rue la Fontaine;94120;Fontenay-sous-Bois;0171335362;ce.0941689A@ac-creteil.fr;Circonscription  de Fontenay-sous-Bois
0941700M;Ecole élémentaire Victor Hugo;1 allée des Platanes;94250;Gentilly;0149699566;ce.0941700M@ac-creteil.fr;Circonscription  d'Arcueil
0941733Y;Ecole élémentaire Felix Eboue;4 rue Thomas Edison;94000;Créteil;0156729351;ce.0941733Y@ac-creteil.fr;Circonscription  de Créteil 1
0941900E;Ecole maternelle l'Orme au Chat;3 place de l'Orme au Chat;94200;Ivry-sur-Seine;0149602611;ce.0941900E@ac-creteil.fr;Circonscription  d'Ivry-sur-Seine
0941916X;Ecole maternelle Jacques Gilbert Collet;24 rue Edouard Branly;94550;Chevilly-Larue;0146879865;ce.0941916X@ac-creteil.fr;Circonscription  de Vitry-sur-Seine 1
0941917Y;Ecole élémentaire Robert Desnos;1 rue Robert Grenet;94220;Charenton-le-Pont;0146766504;ce.0941917Y@ac-creteil.fr;Circonscription  d'Alfortville
0941933R;Ecole maternelle Petit Gibus;7 ter avenue du Président Wilson;94340;Joinville-le-Pont;0143979610;ce.0941933R@ac-creteil.fr;Circonscription  de Nogent-sur-Marne
0942031X;Ecole élémentaire la Grange;Rue de la Grange;94150;Rungis;0179616110;ce.0942031X@ac-creteil.fr;Circonscription  de Fresnes
0942041H;Ecole élémentaire Jean Moulin;154 avenue de la République;94290;Villeneuve-le-Roi;0145978450;ce.0942041H@ac-creteil.fr;Circonscription d'inspection  du 1er degre d'Orly
0942078Y;Ecole élémentaire Robert Lebon;33 rue Lamartine;94800;Villejuif;0141734630;ce.0942078Y@ac-creteil.fr;Circonscription  de Villejuif
0942121V;Ecole élémentaire Paul Vaillant Couturier;4 place Paul Eluard;94800;Villejuif;0149581330;ce.0942121V@ac-creteil.fr;Circonscription  de Villejuif
0942149A;Ecole élémentaire George Sand;16 sentier Rabelais;94800;Villejuif;0153141182;ce.0942149A@ac-creteil.fr;Circonscription  de Villejuif
0942209R;Ecole maternelle Victor Duruy;12 rue Garibaldi;94190;Villeneuve-Saint-Georges;0143865940;ce.0942209R@ac-creteil.fr;Circonscription  de Villeneuve-Saint-Georges
0942212U;Ecole élémentaire Pasteur;33 rue Bourgelat;94700;Maisons-Alfort;0145184260;ce.0942212U@ac-creteil.fr;Circonscription  de Maisons-Alfort
0942219B;Ecole élémentaire Paul Painlevé;100 rue Paul Painlevé;94290;Villeneuve-le-Roi;0145978358;ce.0942219B@ac-creteil.fr;Circonscription d'inspection  du 1er degre d'Orly
0942237W;Ecole maternelle Olympe de Gouges;30 avenue Marbeau;94420;Le Plessis-Trévise;0183904575;ce.0942237W@ac-creteil.fr;Circonscription  de Villiers-sur-Marne
0942240Z;Ecole primaire Aimé Césaire;1 rue Galion;94000;Créteil;0146764392;ce.0942240Z@ac-creteil.fr;Circonscription  de Créteil 2
0942245E;Ecole élémentaire Marcel Cachin B;91 rue Jules Lagaisse;94400;Vitry-sur-Seine;0145151033;ce.0942245E@ac-creteil.fr;Circonscription  de Vitry-sur-Seine 1
0942342K;Ecole primaire Barbara;21 rue Henri Barbusse;94260;Fresnes;0178682800;ce.0942342K@ac-creteil.fr;Circonscription  de Fresnes
0942347R;Ecole élémentaire Henri Barbusse;7 rue Georgette Rostaing;94200;Ivry-sur-Seine;0149602605;ce.0942347R@ac-creteil.fr;Circonscription  d'Ivry-sur-Seine
0942372T;Ecole élémentaire Pierre Bérégovoy;2 mail Jacques Prévert;94140;Alfortville;0143750535;ce.0942372T@ac-creteil.fr;Circonscription  d'Alfortville
0942374V;Ecole maternelle Lamartine;Route de Villiers;94510;La Queue-en-Brie;0145762675;ce.0942374V@ac-creteil.fr;Circonscription  de Marolles-en-Brie
0942375W;Ecole maternelle Eugénie Cotton;7 avenue de la République;94380;Bonneuil-sur-Marne;0149800283;ce.0942375W@ac-creteil.fr;Circonscription  de Bonneuil-sur-Marne
0942397V;Ecole maternelle Nelson Mandela;120 avenue Anatole France;94600;Choisy-le-Roi;0170139247;ce.0942397V@ac-creteil.fr;Circonscription  de Choisy-le-Roi
0942415P;Ecole primaire Mireille Darc;9 rue d'Aquitaine;94450;Limeil-Brévannes;0145101820;ce.0942415P@ac-creteil.fr;Circonscription  de Boissy-Saint-Léger
0942442U;Ecole maternelle Camille Claudel;Rue du Maréchal de Turenne;94290;Villeneuve-le-Roi;0143747835;ce.0942442U@ac-creteil.fr;Circonscription d'inspection  du 1er degre d'Orly
0942570H;Ecole élémentaire Parc du Chateau;4 rue du Parc;94440;Villecresnes;0145990428;ce.0942570H@ac-creteil.fr;Circonscription  de Boissy-Saint-Léger
0942618K;Ecole maternelle Anne Sylvestre;6 ter rue Galilée;94200;Ivry-sur-Seine;0172046660;ce.0942618K@ac-creteil.fr;Circonscription  d'Ivry-sur-Seine
0942619L;Ecole maternelle Simone Veil;1 avenue Nelson Mandela;94350;Villiers-sur-Marne;0157109043;ce.0942619L@ac-creteil.fr;Circonscription  de Villiers-sur-Marne
0940192Y;Ecole élémentaire Clémenceau A;59 avenue Georges Clemenceau;94170;Le Perreux-sur-Marne;0141936660;ce.0940192Y@ac-creteil.fr;Circonscription  de Nogent-sur-Marne
0940456K;Ecole maternelle Jean Moulin;2 sentier des écoles;94310;Orly;0148902507;ce.0940456K@ac-creteil.fr;Circonscription d'inspection  du 1er degre d'Orly
0941262L;Ecole élémentaire Clémenceau B;57 avenue Georges Clemenceau;94170;Le Perreux-sur-Marne;0141936661;ce.0941262L@ac-creteil.fr;Circonscription  de Nogent-sur-Marne
0941136Z;Ecole maternelle Pauline Kergomard;10 rue Benoît Malon;94270;Le Kremlin-Bicêtre;0146581128;ce.0941136Z@ac-creteil.fr;Circonscription  d'Arcueil
0940151D;Ecole élémentaire Charles Péguy;3 bis rue de Verdun;94270;Le Kremlin-Bicêtre;0146726677;ce.0940151D@ac-creteil.fr;Circonscription  d'Arcueil
0940197D;Ecole élémentaire Charles Beuvin A;1 rue Henri Koch;94000;Créteil;0156718981;ce.0940197D@ac-creteil.fr;Circonscription  de Créteil 2
0940216Z;Ecole élémentaire Champignol;2 rue Louis Maurice;94100;Saint-Maur-des-Fossés;0142838824;ce.0940216Z@ac-creteil.fr;Circonscription  de Saint-Maur-des-Fossés
0940222F;Ecole élémentaire Gravelle;2 place Montgolfier;94410;Saint-Maurice;0149764700;ce.0940222F@ac-creteil.fr;Circonscription  de Maisons-Alfort
0940229N;Ecole élémentaire les Muriers;Place de Molènes;94100;Saint-Maur-des-Fossés;0142838822;ce.0940229N@ac-creteil.fr;Circonscription  de Saint-Maur-des-Fossés
0940231R;Ecole élémentaire Maurice Thorez A;64 avenue Maurice Thorez;94200;Ivry-sur-Seine;0149602623;ce.0940231R@ac-creteil.fr;Circonscription  d'Ivry-sur-Seine
0940237X;Ecole élémentaire Jean Jaurès;10 rue Désiré Granet;94400;Vitry-sur-Seine;0146828064;ce.0940237X@ac-creteil.fr;Circonscription  de Vitry-sur-Seine 2
0940244E;Ecole élémentaire Belle Image;19 rue Amédée Picard;94230;Cachan;0149696041;ce.0940244E@ac-creteil.fr;Circonscription  de Cachan
0940254R;Ecole élémentaire Le Parc-Tilleuls;18 place des Tilleuls;94100;Saint-Maur-des-Fossés;0142838825;ce.0940254R@ac-creteil.fr;Circonscription  de Saint-Maur-des-Fossés
0940282W;Ecole élémentaire Maurice Thorez B;22 rue du 11 Novembre 1918;94500;Champigny-sur-Marne;0155984103;ce.0940282W@ac-creteil.fr;Circonscription  de Champigny-sur-Marne 2
0940300R;Ecole élémentaire Romain Gary;6 rue Romain Gary;94320;Thiais;0146868695;ce.0940300R@ac-creteil.fr;Circonscription  de Fresnes
0940321N;Ecole élémentaire Jardin Parisien B;26 rue Jules Ferry;94240;L'Haÿ-les-Roses;0146865473;ce.0940321N@ac-creteil.fr;Circonscription  de Cachan
0940343M;Ecole élémentaire Romain Rolland B;Avenue Molière;94310;Orly;0148902496;ce.0940343M@ac-creteil.fr;Circonscription d'inspection  du 1er degre d'Orly
0940349U;Ecole élémentaire Jean Macé;80 rue de la Paix;94600;Choisy-le-Roi;0148909271;ce.0940349U@ac-creteil.fr;Circonscription  de Choisy-le-Roi
0940373V;Ecole élémentaire Le Parc Est;16 avenue de l'Est;94100;Saint-Maur-des-Fossés;0148863449;ce.0940373V@ac-creteil.fr;Circonscription  de Saint-Maur-des-Fossés
0940377Z;Ecole élémentaire Victor Hugo;11 rue Victor Jérôme;94600;Choisy-le-Roi;0148908901;ce.0940377Z@ac-creteil.fr;Circonscription  de Choisy-le-Roi
0940387K;Ecole maternelle Louise Michel;Allée de la Commune de Paris;94140;Alfortville;0143757407;ce.0940387K@ac-creteil.fr;Circonscription  d'Alfortville
0940398X;Ecole maternelle Le Parc;16 rue Armand Noblet;94600;Choisy-le-Roi;0148523871;ce.0940398X@ac-creteil.fr;Circonscription  de Choisy-le-Roi
0940408H;Ecole maternelle Eva Salmon;42 rue Charles Fourier;94400;Vitry-sur-Seine;0146828177;ce.0940408H@ac-creteil.fr;Circonscription  de Vitry-sur-Seine 2
0940409J;Ecole maternelle les Mûriers;3 rue Chevalier;94100;Saint-Maur-des-Fossés;0148835747;ce.0940409J@ac-creteil.fr;Circonscription  de Saint-Maur-des-Fossés
0940416S;Ecole maternelle Charles Digeon;24 rue du Commandant René Mouchotte;94160;Saint-Mandé;0149579029;ce.0940416S@ac-creteil.fr;Circonscription  de Vincennes
0940418U;Ecole maternelle Louise Michel;64 avenue de la Convention;94110;Arcueil;0145467295;ce.0940418U@ac-creteil.fr;Circonscription  d'Arcueil
0940432J;Ecole maternelle Etienne Dolet;25 rue Etienne Dolet;94140;Alfortville;0143782762;ce.0940432J@ac-creteil.fr;Circonscription  d'Alfortville
0940435M;Ecole maternelle Pauline Kergomard;49 avenue Gabriel Péri;94110;Arcueil;0145470823;ce.0940435M@ac-creteil.fr;Circonscription  d'Arcueil
0940447A;Ecole maternelle Schaken;5 bis rue des Iles;94100;Saint-Maur-des-Fossés;0148839448;ce.0940447A@ac-creteil.fr;Circonscription  de Saint-Maur-des-Fossés
0940450D;Ecole maternelle Dulcie September;5 allée Chanteclair;94200;Ivry-sur-Seine;0156207131;ce.0940450D@ac-creteil.fr;Circonscription  d'Ivry-sur-Seine
0940461R;Ecole maternelle Jardin Parisien;26 rue Jules Ferry;94240;L'Haÿ-les-Roses;0146867747;ce.0940461R@ac-creteil.fr;Circonscription  de Cachan
0940467X;Ecole maternelle Charles Péguy;20 avenue de la Liberté;94700;Maisons-Alfort;0145184191;ce.0940467X@ac-creteil.fr;Circonscription  de Maisons-Alfort
0940468Y;Ecole maternelle Nord;7 rue de la Liberté;94300;Vincennes;0143287164;ce.0940468Y@ac-creteil.fr;Circonscription  de Vincennes
0940470A;Ecole maternelle Vallée aux Renards;4 rue Marc Sangnier;94240;L'Haÿ-les-Roses;0143509606;ce.0940470A@ac-creteil.fr;Circonscription  de Cachan
0940472C;Ecole maternelle du Centre;6 impasse Junot;94410;Saint-Maurice;0145188148;ce.0940472C@ac-creteil.fr;Circonscription  de Maisons-Alfort
0940473D;Ecole maternelle Gravelle;2 place Montgolfier;94410;Saint-Maurice;0149764747;ce.0940473D@ac-creteil.fr;Circonscription  de Maisons-Alfort
0940475F;Ecole maternelle les Planètes;9 rue de Marne;94700;Maisons-Alfort;0156721752;ce.0940475F@ac-creteil.fr;Circonscription  de Maisons-Alfort
0940478J;Ecole maternelle Romain Rolland;Avenue Molière;94310;Orly;0148902498;ce.0940478J@ac-creteil.fr;Circonscription d'inspection  du 1er degre d'Orly
0940479K;Ecole maternelle Val de Beauté;8 rue de la Muette;94130;Nogent-sur-Marne;0148733884;ce.0940479K@ac-creteil.fr;Circonscription  de Nogent-sur-Marne
0940483P;Ecole maternelle Pasteur;69 rue Pasteur;94800;Villejuif;0149582170;ce.0940483P@ac-creteil.fr;Circonscription  de Villejuif
0940493A;Ecole maternelle Edouard Herriot;87 rue du 11 Novembre 1918;94700;Maisons-Alfort;0149779353;ce.0940493A@ac-creteil.fr;Circonscription  de Maisons-Alfort
0940496D;Ecole maternelle du Port aux Lions;4 rue du Port aux Lions;94220;Charenton-le-Pont;0146764640;ce.0940496D@ac-creteil.fr;Circonscription  d'Alfortville
0940497E;Ecole maternelle Pierre-Curie;13 rue du Lieutenant Le Coz;94550;Chevilly-Larue;0146868224;ce.0940497E@ac-creteil.fr;Circonscription  de Vitry-sur-Seine 1
0940498F;Ecole maternelle Paul Doumer;76 avenue du Président Wilson;94230;Cachan;0149696071;ce.0940498F@ac-creteil.fr;Circonscription  de Cachan
0940511V;Ecole maternelle Condorcet;2 rue de Vénus;94700;Maisons-Alfort;0156721772;ce.0940511V@ac-creteil.fr;Circonscription  de Maisons-Alfort
